{"em_acc_with_penalty": 0.20812520812520813, "token_f1_with_penalty": 0.2654429020381752}
