{"em_acc_with_penalty": 0.1914768556447717, "token_f1_with_penalty": 0.2944117670214755}
