{"em_acc_with_penalty": 0.2869112724325406, "token_f1_with_penalty": 0.35164414517264925}
