{"em_acc_with_penalty": 0.1712645258856635, "token_f1_with_penalty": 0.24213099608612268}
