{"em_acc_with_penalty": 0.21644262829488412, "token_f1_with_penalty": 0.3157536848921197}
