{"em_acc_with_penalty": 0.19020106278530147, "token_f1_with_penalty": 0.3261314348341628}
