{"em_acc_with_penalty": 0.2318678678032536, "token_f1_with_penalty": 0.3146694854670832}
