{
  "dist-3": 7.119634746071056,
  "dist-4": 19.05388574248584,
  "bleu-4": 43.36256807088414,
  "f1": 72.0270247520784,
  "rouge-1_f": 41.693913028266124,
  "rouge-1_p": 37.28527561908613,
  "rouge-1_r": 50.2777435486915,
  "rouge-2_f": 20.183722939073075,
  "rouge-2_p": 17.994142942422123,
  "rouge-2_r": 25.06365210938559,
  "rouge-l_f": 37.939858390212336,
  "rouge-l_p": 33.92407925555413,
  "rouge-l_r": 45.80467203921625,
  "min_dist-3": 4.374309062926756,
  "avg_dist-3": 5.746971904498906,
  "max_dist-3": 7.119634746071056,
  "m1_dist-3": 7.119634746071056,
  "m2_dist-3": 4.374309062926756,
  "min_dist-4": 9.44657213223248,
  "avg_dist-4": 14.25022893735916,
  "max_dist-4": 19.05388574248584,
  "m1_dist-4": 19.05388574248584,
  "m2_dist-4": 9.44657213223248,
  "min_bleu-4": 27.63162449694066,
  "avg_bleu-4": 35.4970962839124,
  "max_bleu-4": 43.36256807088414,
  "m1_bleu-4": 43.36256807088414,
  "m2_bleu-4": 27.63162449694066,
  "min_f1": 66.71528941562984,
  "avg_f1": 69.37115708385411,
  "max_f1": 72.0270247520784,
  "m1_f1": 72.0270247520784,
  "m2_f1": 66.71528941562984,
  "min_rouge-1_f": 16.119979489740015,
  "avg_rouge-1_f": 28.90694625900307,
  "max_rouge-1_f": 41.693913028266124,
  "m1_rouge-1_f": 41.693913028266124,
  "m2_rouge-1_f": 16.119979489740015,
  "min_rouge-1_p": 13.270849465203966,
  "avg_rouge-1_p": 25.278062542145047,
  "max_rouge-1_p": 37.28527561908613,
  "m1_rouge-1_p": 37.28527561908613,
  "m2_rouge-1_p": 13.270849465203966,
  "min_rouge-1_r": 22.329808484670032,
  "avg_rouge-1_r": 36.303776016680764,
  "max_rouge-1_r": 50.2777435486915,
  "m1_rouge-1_r": 50.2777435486915,
  "m2_rouge-1_r": 22.329808484670032,
  "min_rouge-2_f": 2.630709492304458,
  "avg_rouge-2_f": 11.407216215688766,
  "max_rouge-2_f": 20.183722939073075,
  "m1_rouge-2_f": 20.183722939073075,
  "m2_rouge-2_f": 2.630709492304458,
  "min_rouge-2_p": 2.1390567153022975,
  "avg_rouge-2_p": 10.06659982886221,
  "max_rouge-2_p": 17.994142942422123,
  "m1_rouge-2_p": 17.994142942422123,
  "m2_rouge-2_p": 2.1390567153022975,
  "min_rouge-2_r": 3.7741200371817194,
  "avg_rouge-2_r": 14.418886073283655,
  "max_rouge-2_r": 25.06365210938559,
  "m1_rouge-2_r": 25.06365210938559,
  "m2_rouge-2_r": 3.7741200371817194,
  "min_rouge-l_f": 14.752460656422068,
  "avg_rouge-l_f": 26.3461595233172,
  "max_rouge-l_f": 37.939858390212336,
  "m1_rouge-l_f": 37.939858390212336,
  "m2_rouge-l_f": 14.752460656422068,
  "min_rouge-l_p": 12.153614869358798,
  "avg_rouge-l_p": 23.038847062456465,
  "max_rouge-l_p": 33.92407925555413,
  "m1_rouge-l_p": 33.92407925555413,
  "m2_rouge-l_p": 12.153614869358798,
  "min_rouge-l_r": 20.42326524999559,
  "avg_rouge-l_r": 33.11396864460592,
  "max_rouge-l_r": 45.80467203921625,
  "m1_rouge-l_r": 45.80467203921625,
  "m2_rouge-l_r": 20.42326524999559
}