{
  "dist-3": 6.1793361169898375,
  "dist-4": 17.977538810911902,
  "bleu-4": 57.72088286296767,
  "f1": 84.86638540559946,
  "rouge-1_f": 46.43855457123394,
  "rouge-1_p": 46.29398612747464,
  "rouge-1_r": 47.337721274475506,
  "rouge-2_f": 23.711797984298467,
  "rouge-2_p": 23.92055399340975,
  "rouge-2_r": 24.074264097145534,
  "rouge-l_f": 43.750277625189376,
  "rouge-l_p": 43.624940313611354,
  "rouge-l_r": 44.59092557799415,
  "min_dist-3": 5.7529057641793395,
  "avg_dist-3": 5.966120940584588,
  "max_dist-3": 6.1793361169898375,
  "m1_dist-3": 6.1793361169898375,
  "m2_dist-3": 5.7529057641793395,
  "min_dist-4": 15.468129288551824,
  "avg_dist-4": 16.722834049731862,
  "max_dist-4": 17.977538810911902,
  "m1_dist-4": 17.977538810911902,
  "m2_dist-4": 15.468129288551824,
  "min_bleu-4": 41.24016177206767,
  "avg_bleu-4": 49.48052231751767,
  "max_bleu-4": 57.72088286296767,
  "m1_bleu-4": 57.72088286296767,
  "m2_bleu-4": 41.24016177206767,
  "min_f1": 79.6157749423006,
  "avg_f1": 82.24108017395002,
  "max_f1": 84.86638540559946,
  "m1_f1": 84.86638540559946,
  "m2_f1": 79.6157749423006,
  "min_rouge-1_f": 18.912055175011115,
  "avg_rouge-1_f": 32.67530487312253,
  "max_rouge-1_f": 46.43855457123394,
  "m1_rouge-1_f": 46.43855457123394,
  "m2_rouge-1_f": 18.912055175011115,
  "min_rouge-1_p": 20.104226872445114,
  "avg_rouge-1_p": 33.199106499959875,
  "max_rouge-1_p": 46.29398612747464,
  "m1_rouge-1_p": 46.29398612747464,
  "m2_rouge-1_p": 20.104226872445114,
  "min_rouge-1_r": 18.62584793842222,
  "avg_rouge-1_r": 32.98178460644886,
  "max_rouge-1_r": 47.337721274475506,
  "m1_rouge-1_r": 47.337721274475506,
  "m2_rouge-1_r": 18.62584793842222,
  "min_rouge-2_f": 1.966053043416988,
  "avg_rouge-2_f": 12.838925513857728,
  "max_rouge-2_f": 23.711797984298467,
  "m1_rouge-2_f": 23.711797984298467,
  "m2_rouge-2_f": 1.966053043416988,
  "min_rouge-2_p": 2.11831673100701,
  "avg_rouge-2_p": 13.01943536220838,
  "max_rouge-2_p": 23.92055399340975,
  "m1_rouge-2_p": 23.92055399340975,
  "m2_rouge-2_p": 2.11831673100701,
  "min_rouge-2_r": 1.937995200178205,
  "avg_rouge-2_r": 13.006129648661869,
  "max_rouge-2_r": 24.074264097145534,
  "m1_rouge-2_r": 24.074264097145534,
  "m2_rouge-2_r": 1.937995200178205,
  "min_rouge-l_f": 17.489406238551215,
  "avg_rouge-l_f": 30.619841931870297,
  "max_rouge-l_f": 43.750277625189376,
  "m1_rouge-l_f": 43.750277625189376,
  "m2_rouge-l_f": 17.489406238551215,
  "min_rouge-l_p": 18.584766683746007,
  "avg_rouge-l_p": 31.10485349867868,
  "max_rouge-l_p": 43.624940313611354,
  "m1_rouge-l_p": 43.624940313611354,
  "m2_rouge-l_p": 18.584766683746007,
  "min_rouge-l_r": 17.227694716208035,
  "avg_rouge-l_r": 30.909310147101092,
  "max_rouge-l_r": 44.59092557799415,
  "m1_rouge-l_r": 44.59092557799415,
  "m2_rouge-l_r": 17.227694716208035
}