{
  "dist-3": 4.374309062926756,
  "dist-4": 9.44657213223248,
  "bleu-4": 42.56621026863952,
  "f1": 77.96395960508593,
  "rouge-1_f": 20.396445060656923,
  "rouge-1_p": 19.340198828670307,
  "rouge-1_r": 23.226813820355428,
  "rouge-2_f": 6.188166856778426,
  "rouge-2_p": 5.994364209811237,
  "rouge-2_r": 6.9609131379611044,
  "rouge-l_f": 19.029921250166527,
  "rouge-l_p": 18.0731026371145,
  "rouge-l_r": 21.62643792718233
}