{
  "dist-3": 5.7529057641793395,
  "dist-4": 15.468129288551824,
  "bleu-4": 43.9738053653529,
  "f1": 81.40011901930359,
  "rouge-1_f": 23.996243163327176,
  "rouge-1_p": 25.506199302653286,
  "rouge-1_r": 23.389082903486596,
  "rouge-2_f": 5.577334724666064,
  "rouge-2_p": 6.035467626463145,
  "rouge-2_r": 5.372787346981211,
  "rouge-l_f": 22.261969532628093,
  "rouge-l_p": 23.658145820378017,
  "rouge-l_r": 21.70678988170307
}