{
    "P": 0.35520149953136315,
    "R": 0.29176289453423465,
    "F1": 0.3203719357070048
}