{"precision": 0.22115384615377529, "recall": 0.2613636363635374, "F1": 0.23958333328359738}