{"precision": 0.011952191235054999, "recall": 0.012820512820507342, "F1": 0.012371133970674885}