{"precision": 0.13744075829377372, "recall": 0.16201117318426705, "F1": 0.14871794866820906}