{
  "em_acc_with_penalty": 0.32967032967032955,
  "token_f1_with_penalty": 0.44271517976642116
}