{
  "em_acc_with_penalty": 0.1288711288711289,
  "token_f1_with_penalty": 0.14787113031829155
}