{
    "identification": {
        "precision": 0.6631578947364931,
        "recall": 0.5860465116276344,
        "f1": 0.6222222221721055
    },
    "classification": {
        "precision": 0.40526315789452355,
        "recall": 0.3581395348835544,
        "f1": 0.3802469135302497
    }
}