{
    "temporal": {
        "precision": 0.19008264462794208,
        "recall": 0.26436781609165017,
        "f1-score": 0.2211538461049695
    },
    "causal": {
        "precision": 0.23809523809410432,
        "recall": 0.24999999999875003,
        "f1-score": 0.24390243897323025
    },
    "subevent": {
        "precision": 0.21428571428418366,
        "recall": 0.299999999997,
        "f1-score": 0.24999999994930558
    },
    "coreference": {
        "precision": 0.7272727272661157,
        "recall": 0.799999999992,
        "f1-score": 0.761904761847619
    }
}