{"em_acc_with_penalty": 0.2096912988002097, "token_f1_with_penalty": 0.26003765462467454}
