{
    "P": 0.19766397124885915,
    "R": 0.13580246913579408,
    "F1": 0.1609952432740653
}