{"em_acc_with_penalty": 0.10489510489510492, "token_f1_with_penalty": 0.138830330664852}
