{
  "em_acc_with_penalty": 0.03996003996003997,
  "token_f1_with_penalty": 0.09310676412937655
}