{
  "em_acc_with_penalty": 0.04506183226810408,
  "token_f1_with_penalty": 0.09285209868279896
}