{"em_acc_with_penalty": 0.013320013320013322, "token_f1_with_penalty": 0.059256198409064556}
