{
  "em_acc_with_penalty": 0.04512798032885704,
  "token_f1_with_penalty": 0.10452149543898408
}