{
  "dist-3": 12.878787878787879,
  "dist-4": 28.679071640159904,
  "bleu-4": 25.390767825371135,
  "f1": 49.035928743761175,
  "rouge-1_f": 22.981407512983203,
  "rouge-1_p": 33.667811810005695,
  "rouge-1_r": 20.1770869210224,
  "rouge-2_f": 8.033341522517917,
  "rouge-2_p": 12.833623404949906,
  "rouge-2_r": 7.058597061528843,
  "rouge-l_f": 20.240581857525584,
  "rouge-l_p": 29.928131366417503,
  "rouge-l_r": 17.73667881963219,
  "min_dist-3": 11.359909033259715,
  "avg_dist-3": 12.119348456023797,
  "max_dist-3": 12.878787878787879,
  "m1_dist-3": 12.878787878787879,
  "m2_dist-3": 11.359909033259715,
  "min_dist-4": 26.048468381611816,
  "avg_dist-4": 27.363770010885858,
  "max_dist-4": 28.679071640159904,
  "m1_dist-4": 28.679071640159904,
  "m2_dist-4": 26.048468381611816,
  "min_bleu-4": 25.390767825371135,
  "avg_bleu-4": 29.765147306897884,
  "max_bleu-4": 34.13952678842463,
  "m1_bleu-4": 25.390767825371135,
  "m2_bleu-4": 34.13952678842463,
  "min_f1": 49.035928743761175,
  "avg_f1": 56.49816804653797,
  "max_f1": 63.96040734931477,
  "m1_f1": 49.035928743761175,
  "m2_f1": 63.96040734931477,
  "min_rouge-1_f": 21.452433473207524,
  "avg_rouge-1_f": 22.216920493095365,
  "max_rouge-1_f": 22.981407512983203,
  "m1_rouge-1_f": 22.981407512983203,
  "m2_rouge-1_f": 21.452433473207524,
  "min_rouge-1_p": 28.355865205471535,
  "avg_rouge-1_p": 31.011838507738616,
  "max_rouge-1_p": 33.667811810005695,
  "m1_rouge-1_p": 33.667811810005695,
  "m2_rouge-1_p": 28.355865205471535,
  "min_rouge-1_r": 19.710203231517166,
  "avg_rouge-1_r": 19.94364507626978,
  "max_rouge-1_r": 20.1770869210224,
  "m1_rouge-1_r": 20.1770869210224,
  "m2_rouge-1_r": 19.710203231517166,
  "min_rouge-2_f": 4.439879540061126,
  "avg_rouge-2_f": 6.2366105312895215,
  "max_rouge-2_f": 8.033341522517917,
  "m1_rouge-2_f": 8.033341522517917,
  "m2_rouge-2_f": 4.439879540061126,
  "min_rouge-2_p": 5.790426188397762,
  "avg_rouge-2_p": 9.312024796673834,
  "max_rouge-2_p": 12.833623404949906,
  "m1_rouge-2_p": 12.833623404949906,
  "m2_rouge-2_p": 5.790426188397762,
  "min_rouge-2_r": 4.195959780057488,
  "avg_rouge-2_r": 5.627278420793166,
  "max_rouge-2_r": 7.058597061528843,
  "m1_rouge-2_r": 7.058597061528843,
  "m2_rouge-2_r": 4.195959780057488,
  "min_rouge-l_f": 18.794646850845037,
  "avg_rouge-l_f": 19.517614354185312,
  "max_rouge-l_f": 20.240581857525584,
  "m1_rouge-l_f": 20.240581857525584,
  "m2_rouge-l_f": 18.794646850845037,
  "min_rouge-l_p": 24.840977654493724,
  "avg_rouge-l_p": 27.384554510455615,
  "max_rouge-l_p": 29.928131366417503,
  "m1_rouge-l_p": 29.928131366417503,
  "m2_rouge-l_p": 24.840977654493724,
  "min_rouge-l_r": 17.288369987546563,
  "avg_rouge-l_r": 17.512524403589374,
  "max_rouge-l_r": 17.73667881963219,
  "m1_rouge-l_r": 17.73667881963219,
  "m2_rouge-l_r": 17.288369987546563
}