{
  "dist-3": 11.194550800668459,
  "dist-4": 27.80273810028398,
  "bleu-4": 21.593180644214048,
  "f1": 51.88587992251481,
  "rouge-1_f": 22.991171862280332,
  "rouge-1_p": 43.87555925094324,
  "rouge-1_r": 18.475153232554007,
  "rouge-2_f": 6.647710122986931,
  "rouge-2_p": 14.616720847542739,
  "rouge-2_r": 5.169227459873852,
  "rouge-l_f": 20.80941055507388,
  "rouge-l_p": 40.51326986502477,
  "rouge-l_r": 16.653036491024576,
  "min_dist-3": 8.441528580406825,
  "avg_dist-3": 9.818039690537642,
  "max_dist-3": 11.194550800668459,
  "m1_dist-3": 11.194550800668459,
  "m2_dist-3": 8.441528580406825,
  "min_dist-4": 21.499401344671966,
  "avg_dist-4": 24.651069722477974,
  "max_dist-4": 27.80273810028398,
  "m1_dist-4": 27.80273810028398,
  "m2_dist-4": 21.499401344671966,
  "min_bleu-4": 21.593180644214048,
  "avg_bleu-4": 26.99441179018789,
  "max_bleu-4": 32.39564293616173,
  "m1_bleu-4": 21.593180644214048,
  "m2_bleu-4": 32.39564293616173,
  "min_f1": 51.88587992251481,
  "avg_f1": 59.143810970079485,
  "max_f1": 66.40174201764417,
  "m1_f1": 51.88587992251481,
  "m2_f1": 66.40174201764417,
  "min_rouge-1_f": 22.991171862280332,
  "avg_rouge-1_f": 23.212010697075605,
  "max_rouge-1_f": 23.43284953187088,
  "m1_rouge-1_f": 22.991171862280332,
  "m2_rouge-1_f": 23.43284953187088,
  "min_rouge-1_p": 35.14636100019418,
  "avg_rouge-1_p": 39.510960125568715,
  "max_rouge-1_p": 43.87555925094324,
  "m1_rouge-1_p": 43.87555925094324,
  "m2_rouge-1_p": 35.14636100019418,
  "min_rouge-1_r": 18.475153232554007,
  "avg_rouge-1_r": 19.270964042013055,
  "max_rouge-1_r": 20.066774851472108,
  "m1_rouge-1_r": 18.475153232554007,
  "m2_rouge-1_r": 20.066774851472108,
  "min_rouge-2_f": 4.097501816011775,
  "avg_rouge-2_f": 5.372605969499353,
  "max_rouge-2_f": 6.647710122986931,
  "m1_rouge-2_f": 6.647710122986931,
  "m2_rouge-2_f": 4.097501816011775,
  "min_rouge-2_p": 6.389870125510039,
  "avg_rouge-2_p": 10.503295486526389,
  "max_rouge-2_p": 14.616720847542739,
  "m1_rouge-2_p": 14.616720847542739,
  "m2_rouge-2_p": 6.389870125510039,
  "min_rouge-2_r": 3.5603073165618713,
  "avg_rouge-2_r": 4.364767388217862,
  "max_rouge-2_r": 5.169227459873852,
  "m1_rouge-2_r": 5.169227459873852,
  "m2_rouge-2_r": 3.5603073165618713,
  "min_rouge-l_f": 20.80941055507388,
  "avg_rouge-l_f": 20.95408186923686,
  "max_rouge-l_f": 21.098753183399833,
  "m1_rouge-l_f": 20.80941055507388,
  "m2_rouge-l_f": 21.098753183399833,
  "min_rouge-l_p": 31.89598981374923,
  "avg_rouge-l_p": 36.204629839386996,
  "max_rouge-l_p": 40.51326986502477,
  "m1_rouge-l_p": 40.51326986502477,
  "m2_rouge-l_p": 31.89598981374923,
  "min_rouge-l_r": 16.653036491024576,
  "avg_rouge-l_r": 17.327518775226306,
  "max_rouge-l_r": 18.002001059428036,
  "m1_rouge-l_r": 16.653036491024576,
  "m2_rouge-l_r": 18.002001059428036
}