{
  "dist-3": 13.037420382165605,
  "dist-4": 28.5115841668804,
  "bleu-4": 44.158248044342265,
  "f1": 61.18960669375594,
  "rouge-1_f": 29.847718046114057,
  "rouge-1_p": 30.769180330640896,
  "rouge-1_r": 35.09606837630685,
  "rouge-2_f": 15.095294556823305,
  "rouge-2_p": 15.482241011437987,
  "rouge-2_r": 17.862213621885523,
  "rouge-l_f": 28.04879369671753,
  "rouge-l_p": 28.889920075933613,
  "rouge-l_r": 32.82863019196036
}