{
  "dist-3": 8.656621222992904,
  "dist-4": 21.924698218049436,
  "bleu-4": 42.06937385735462,
  "f1": 62.67531998478822,
  "rouge-1_f": 33.34488943195663,
  "rouge-1_p": 33.57565423568976,
  "rouge-1_r": 41.0832496336474,
  "rouge-2_f": 17.242621290040642,
  "rouge-2_p": 17.305902603244327,
  "rouge-2_r": 21.608726865320122,
  "rouge-l_f": 31.80217577240348,
  "rouge-l_p": 31.93635119586591,
  "rouge-l_r": 39.30097618183839
}