{
    "P": 0.002971768202079796,
    "R": 0.0015396458814471486,
    "F1": 0.002028397520961258
}