{"precision": 0.07092198581555255, "recall": 0.03787878787877353, "F1": 0.04938271600397013}