{
  "em_acc_with_penalty": 0.08991008991008992,
  "token_f1_with_penalty": 0.14877489321839008
}