{
  "em_acc_with_penalty": 0.04538318824033111,
  "token_f1_with_penalty": 0.05651038968424347
}