{
    "temporal": {
        "precision": 0.06878306878303239,
        "recall": 0.14942528735615007,
        "f1-score": 0.0942028985074853
    },
    "causal": {
        "precision": 0.0,
        "recall": 0.0,
        "f1-score": 0.0
    },
    "subevent": {
        "precision": 0.0,
        "recall": 0.0,
        "f1-score": 0.0
    },
    "coreference": {
        "precision": 0.0,
        "recall": 0.0,
        "f1-score": 0.0
    }
}