{
    "identification": {
        "precision": 0.9999999999,
        "recall": 0.004651162790695511,
        "f1": 0.009259259258329046
    },
    "classification": {
        "precision": 0.9999999999,
        "recall": 0.004651162790695511,
        "f1": 0.009259259258329046
    }
}