{"em_acc_with_penalty": 0.07912879200007913, "token_f1_with_penalty": 0.13904580453828505}
