{
  "em_acc_with_penalty": 0.08155110195926524,
  "token_f1_with_penalty": 0.15726938670086446
}