{"em_acc_with_penalty": 0.1798226760745502, "token_f1_with_penalty": 0.22075839159932797}
