{
  "em_acc_with_penalty": 0.14985014985014988,
  "token_f1_with_penalty": 0.25402803192355905
}