{
  "em_acc_with_penalty": 0.1538351293257553,
  "token_f1_with_penalty": 0.21162111571560946
}