{"em_acc_with_penalty": 0.09823981375193441, "token_f1_with_penalty": 0.18738481138347055}
