{
  "em_acc_with_penalty": 0.10535169251265751,
  "token_f1_with_penalty": 0.1471214960146474
}