{
  "em_acc_with_penalty": 0.12550230878566715,
  "token_f1_with_penalty": 0.2007435220643137
}