{
  "em_acc_with_penalty": 0.12728221680867,
  "token_f1_with_penalty": 0.20218040767664777
}