{
  "dist-3": 9.511188587285211,
  "dist-4": 24.082818095967784,
  "bleu-4": 59.563665191436975,
  "f1": 82.57776456555354,
  "rouge-1_f": 51.25064909883278,
  "rouge-1_p": 54.01305751960934,
  "rouge-1_r": 50.674610328085606,
  "rouge-2_f": 25.941531346618696,
  "rouge-2_p": 26.997994702823732,
  "rouge-2_r": 26.261206837826293,
  "rouge-l_f": 45.572411401823274,
  "rouge-l_p": 48.11221462922679,
  "rouge-l_r": 45.00303638795561,
  "min_dist-3": 9.270506228648332,
  "avg_dist-3": 9.39084740796677,
  "max_dist-3": 9.511188587285211,
  "m1_dist-3": 9.511188587285211,
  "m2_dist-3": 9.270506228648332,
  "min_dist-4": 23.125313239894233,
  "avg_dist-4": 23.60406566793101,
  "max_dist-4": 24.082818095967784,
  "m1_dist-4": 24.082818095967784,
  "m2_dist-4": 23.125313239894233,
  "min_bleu-4": 40.99694428369941,
  "avg_bleu-4": 50.280304737568194,
  "max_bleu-4": 59.563665191436975,
  "m1_bleu-4": 59.563665191436975,
  "m2_bleu-4": 40.99694428369941,
  "min_f1": 76.08989640448934,
  "avg_f1": 79.33383048502144,
  "max_f1": 82.57776456555354,
  "m1_f1": 82.57776456555354,
  "m2_f1": 76.08989640448934,
  "min_rouge-1_f": 24.448236108210807,
  "avg_rouge-1_f": 37.849442603521794,
  "max_rouge-1_f": 51.25064909883278,
  "m1_rouge-1_f": 51.25064909883278,
  "m2_rouge-1_f": 24.448236108210807,
  "min_rouge-1_p": 24.683502861266113,
  "avg_rouge-1_p": 39.34828019043773,
  "max_rouge-1_p": 54.01305751960934,
  "m1_rouge-1_p": 54.01305751960934,
  "m2_rouge-1_p": 24.683502861266113,
  "min_rouge-1_r": 25.856089578957846,
  "avg_rouge-1_r": 38.26534995352173,
  "max_rouge-1_r": 50.674610328085606,
  "m1_rouge-1_r": 50.674610328085606,
  "m2_rouge-1_r": 25.856089578957846,
  "min_rouge-2_f": 5.767319329968666,
  "avg_rouge-2_f": 15.85442533829368,
  "max_rouge-2_f": 25.941531346618696,
  "m1_rouge-2_f": 25.941531346618696,
  "m2_rouge-2_f": 5.767319329968666,
  "min_rouge-2_p": 5.77976244993955,
  "avg_rouge-2_p": 16.388878576381643,
  "max_rouge-2_p": 26.997994702823732,
  "m1_rouge-2_p": 26.997994702823732,
  "m2_rouge-2_p": 5.77976244993955,
  "min_rouge-2_r": 6.24901796392899,
  "avg_rouge-2_r": 16.255112400877643,
  "max_rouge-2_r": 26.261206837826293,
  "m1_rouge-2_r": 26.261206837826293,
  "m2_rouge-2_r": 6.24901796392899,
  "min_rouge-l_f": 21.259238659245646,
  "avg_rouge-l_f": 33.415825030534464,
  "max_rouge-l_f": 45.572411401823274,
  "m1_rouge-l_f": 45.572411401823274,
  "m2_rouge-l_f": 21.259238659245646,
  "min_rouge-l_p": 21.39808479754941,
  "avg_rouge-l_p": 34.7551497133881,
  "max_rouge-l_p": 48.11221462922679,
  "m1_rouge-l_p": 48.11221462922679,
  "m2_rouge-l_p": 21.39808479754941,
  "min_rouge-l_r": 22.551117984865005,
  "avg_rouge-l_r": 33.77707718641031,
  "max_rouge-l_r": 45.00303638795561,
  "m1_rouge-l_r": 45.00303638795561,
  "m2_rouge-l_r": 22.551117984865005
}