{
  "dist-3": 7.217832151187699,
  "dist-4": 20.40556157887839,
  "bleu-4": 59.73266565818103,
  "f1": 83.24604590114943,
  "rouge-1_f": 49.23427738122998,
  "rouge-1_p": 56.56596941708018,
  "rouge-1_r": 45.078648524605285,
  "rouge-2_f": 24.364621972126617,
  "rouge-2_p": 27.870672625434754,
  "rouge-2_r": 22.6207970085945,
  "rouge-l_f": 45.74990534993963,
  "rouge-l_p": 52.55029855630628,
  "rouge-l_r": 41.89764303770126,
  "min_dist-3": 7.047985979345606,
  "avg_dist-3": 7.132909065266652,
  "max_dist-3": 7.217832151187699,
  "m1_dist-3": 7.217832151187699,
  "m2_dist-3": 7.047985979345606,
  "min_dist-4": 18.43906825631654,
  "avg_dist-4": 19.422314917597465,
  "max_dist-4": 20.40556157887839,
  "m1_dist-4": 20.40556157887839,
  "m2_dist-4": 18.43906825631654,
  "min_bleu-4": 34.994701497052695,
  "avg_bleu-4": 47.36368357761686,
  "max_bleu-4": 59.73266565818103,
  "m1_bleu-4": 59.73266565818103,
  "m2_bleu-4": 34.994701497052695,
  "min_f1": 74.907206429858,
  "avg_f1": 79.07662616550371,
  "max_f1": 83.24604590114943,
  "m1_f1": 83.24604590114943,
  "m2_f1": 74.907206429858,
  "min_rouge-1_f": 21.1561322133601,
  "avg_rouge-1_f": 35.19520479729504,
  "max_rouge-1_f": 49.23427738122998,
  "m1_rouge-1_f": 49.23427738122998,
  "m2_rouge-1_f": 21.1561322133601,
  "min_rouge-1_p": 26.166857292792088,
  "avg_rouge-1_p": 41.366413354936135,
  "max_rouge-1_p": 56.56596941708018,
  "m1_rouge-1_p": 56.56596941708018,
  "m2_rouge-1_p": 26.166857292792088,
  "min_rouge-1_r": 18.95822194290049,
  "avg_rouge-1_r": 32.01843523375289,
  "max_rouge-1_r": 45.078648524605285,
  "m1_rouge-1_r": 45.078648524605285,
  "m2_rouge-1_r": 18.95822194290049,
  "min_rouge-2_f": 2.8197555298622135,
  "avg_rouge-2_f": 13.592188750994415,
  "max_rouge-2_f": 24.364621972126617,
  "m1_rouge-2_f": 24.364621972126617,
  "m2_rouge-2_f": 2.8197555298622135,
  "min_rouge-2_p": 3.4624007012780917,
  "avg_rouge-2_p": 15.666536663356423,
  "max_rouge-2_p": 27.870672625434754,
  "m1_rouge-2_p": 27.870672625434754,
  "m2_rouge-2_p": 3.4624007012780917,
  "min_rouge-2_r": 2.551163994810644,
  "avg_rouge-2_r": 12.585980501702572,
  "max_rouge-2_r": 22.6207970085945,
  "m1_rouge-2_r": 22.6207970085945,
  "m2_rouge-2_r": 2.551163994810644,
  "min_rouge-l_f": 19.126121669867086,
  "avg_rouge-l_f": 32.43801350990336,
  "max_rouge-l_f": 45.74990534993963,
  "m1_rouge-l_f": 45.74990534993963,
  "m2_rouge-l_f": 19.126121669867086,
  "min_rouge-l_p": 23.731522657388506,
  "avg_rouge-l_p": 38.14091060684739,
  "max_rouge-l_p": 52.55029855630628,
  "m1_rouge-l_p": 52.55029855630628,
  "m2_rouge-l_p": 23.731522657388506,
  "min_rouge-l_r": 17.140329927642455,
  "avg_rouge-l_r": 29.518986482671856,
  "max_rouge-l_r": 41.89764303770126,
  "m1_rouge-l_r": 41.89764303770126,
  "m2_rouge-l_r": 17.140329927642455
}