{
  "dist-3": 9.270506228648332,
  "dist-4": 23.125313239894233,
  "bleu-4": 49.544236770399,
  "f1": 80.53074100281778,
  "rouge-1_f": 31.93101352579547,
  "rouge-1_p": 31.160351728526386,
  "rouge-1_r": 34.25982558081087,
  "rouge-2_f": 12.308233101857539,
  "rouge-2_p": 12.124484308565982,
  "rouge-2_r": 13.11539849142046,
  "rouge-l_f": 29.17536912964236,
  "rouge-l_p": 28.425483096223427,
  "rouge-l_r": 31.326408209650282
}