{
  "dist-3": 7.047985979345606,
  "dist-4": 18.43906825631654,
  "bleu-4": 39.837547991113084,
  "f1": 74.55261484547431,
  "rouge-1_f": 26.000681924604415,
  "rouge-1_p": 28.585768653506985,
  "rouge-1_r": 25.759564037127017,
  "rouge-2_f": 6.663190134019319,
  "rouge-2_p": 7.619565638559001,
  "rouge-2_r": 6.334437586459901,
  "rouge-l_f": 23.87394003817121,
  "rouge-l_p": 26.271590689228116,
  "rouge-l_r": 23.67484241448373
}