{
    "P": 0.11917098445594826,
    "R": 0.10623556581985324,
    "F1": 0.11233211228226785
}