{"precision": 0.15057915057909244, "recall": 0.14772727272721678, "F1": 0.14913957929985194}