{"precision": 0.13907284768202713, "recall": 0.11731843575412441, "F1": 0.1272727272230101}