{"precision": 0.023696682464443748, "recall": 0.021367521367512236, "F1": 0.022471910062483016}