{
  "em_acc_with_penalty": 0.026640026640026643,
  "token_f1_with_penalty": 0.02748383234571085
}