{
  "em_acc_with_penalty": 0.0999000999000999,
  "token_f1_with_penalty": 0.14582889985374592
}