{
    "temporal": {
        "precision": 0.1857142857140204,
        "recall": 0.14942528735615007,
        "f1-score": 0.16560509549177652
    },
    "causal": {
        "precision": 0.15714285714263265,
        "recall": 0.54999999999725,
        "f1-score": 0.2444444444093333
    },
    "subevent": {
        "precision": 0.039999999999840004,
        "recall": 0.099999999999,
        "f1-score": 0.057142857101714295
    },
    "coreference": {
        "precision": 0.3333333333314815,
        "recall": 0.599999999994,
        "f1-score": 0.428571428522449
    }
}