{
    "identification": {
        "precision": 0.547445255474053,
        "recall": 0.34883720930216333,
        "f1": 0.42613636358857665
    },
    "classification": {
        "precision": 0.2554744525545581,
        "recall": 0.1627906976743429,
        "f1": 0.1988636363159785
    }
}