{"em_acc_with_penalty": 0.1384753860001385, "token_f1_with_penalty": 0.1889667700745503}
