{
    "P": 0.04054054054053556,
    "R": 0.020370370370369113,
    "F1": 0.02711585862433838
}