{
  "em_acc_with_penalty": 0.10193887744908155,
  "token_f1_with_penalty": 0.1419698958860808
}