{"em_acc_with_penalty": 0.13629227914942205, "token_f1_with_penalty": 0.20087770224597296}
