{"em_acc_with_penalty": 0.1198801198801199, "token_f1_with_penalty": 0.17025208557985944}
