{"em_acc_with_penalty": 0.1448551448551449, "token_f1_with_penalty": 0.19515601991540713}
