{"em_acc_with_penalty": 0.12631363807882054, "token_f1_with_penalty": 0.19849172298679002}
