{
  "dist-3": 19.771648202577435,
  "dist-4": 39.19986361311587,
  "bleu-4": 6.415369893229367,
  "f1": 32.369920223210656,
  "rouge-1_f": 17.497157746340672,
  "rouge-1_p": 43.7239640532752,
  "rouge-1_r": 14.02469860738068,
  "rouge-2_f": 6.947318759474997,
  "rouge-2_p": 21.403255229656132,
  "rouge-2_r": 5.305326115677535,
  "rouge-l_f": 15.583210388193516,
  "rouge-l_p": 40.75824050717678,
  "rouge-l_r": 12.320915423597665,
  "min_dist-3": 19.771648202577435,
  "avg_dist-3": 23.34248907848081,
  "max_dist-3": 26.913329954384185,
  "m1_dist-3": 19.771648202577435,
  "m2_dist-3": 26.913329954384185,
  "min_dist-4": 39.19986361311587,
  "avg_dist-4": 44.17627516004512,
  "max_dist-4": 49.15268670697437,
  "m1_dist-4": 39.19986361311587,
  "m2_dist-4": 49.15268670697437,
  "min_bleu-4": 1.6370093753437183,
  "avg_bleu-4": 4.026189634286543,
  "max_bleu-4": 6.415369893229367,
  "m1_bleu-4": 6.415369893229367,
  "m2_bleu-4": 1.6370093753437183,
  "min_f1": 26.445212280052864,
  "avg_f1": 29.40756625163176,
  "max_f1": 32.369920223210656,
  "m1_f1": 32.369920223210656,
  "m2_f1": 26.445212280052864,
  "min_rouge-1_f": 11.012234677252938,
  "avg_rouge-1_f": 14.254696211796805,
  "max_rouge-1_f": 17.497157746340672,
  "m1_rouge-1_f": 17.497157746340672,
  "m2_rouge-1_f": 11.012234677252938,
  "min_rouge-1_p": 38.26100115220896,
  "avg_rouge-1_p": 40.992482602742086,
  "max_rouge-1_p": 43.7239640532752,
  "m1_rouge-1_p": 43.7239640532752,
  "m2_rouge-1_p": 38.26100115220896,
  "min_rouge-1_r": 8.390862260716753,
  "avg_rouge-1_r": 11.207780434048717,
  "max_rouge-1_r": 14.02469860738068,
  "m1_rouge-1_r": 14.02469860738068,
  "m2_rouge-1_r": 8.390862260716753,
  "min_rouge-2_f": 1.5491527403789618,
  "avg_rouge-2_f": 4.248235749926979,
  "max_rouge-2_f": 6.947318759474997,
  "m1_rouge-2_f": 6.947318759474997,
  "m2_rouge-2_f": 1.5491527403789618,
  "min_rouge-2_p": 10.36024872911713,
  "avg_rouge-2_p": 15.881751979386632,
  "max_rouge-2_p": 21.403255229656132,
  "m1_rouge-2_p": 21.403255229656132,
  "m2_rouge-2_p": 10.36024872911713,
  "min_rouge-2_r": 1.1804991191261243,
  "avg_rouge-2_r": 3.2429126174018297,
  "max_rouge-2_r": 5.305326115677535,
  "m1_rouge-2_r": 5.305326115677535,
  "m2_rouge-2_r": 1.1804991191261243,
  "min_rouge-l_f": 9.710402654499882,
  "avg_rouge-l_f": 12.646806521346699,
  "max_rouge-l_f": 15.583210388193516,
  "m1_rouge-l_f": 15.583210388193516,
  "m2_rouge-l_f": 9.710402654499882,
  "min_rouge-l_p": 35.63924553003986,
  "avg_rouge-l_p": 38.19874301860832,
  "max_rouge-l_p": 40.75824050717678,
  "m1_rouge-l_p": 40.75824050717678,
  "m2_rouge-l_p": 35.63924553003986,
  "min_rouge-l_r": 7.255682268570264,
  "avg_rouge-l_r": 9.788298846083965,
  "max_rouge-l_r": 12.320915423597665,
  "m1_rouge-l_r": 12.320915423597665,
  "m2_rouge-l_r": 7.255682268570264
}