{
  "dist-3": 25.881742738589214,
  "dist-4": 32.46044735406438,
  "bleu-4": 1.9095083538591026e-16,
  "f1": 4.12094702309689,
  "rouge-1_f": 1.0106567064678618,
  "rouge-1_p": 3.555002370791845,
  "rouge-1_r": 0.612154390715752,
  "rouge-2_f": 0.4624253769506697,
  "rouge-2_p": 2.061792939618747,
  "rouge-2_r": 0.27090732714932736,
  "rouge-l_f": 0.9978975358139542,
  "rouge-l_p": 3.526552868658132,
  "rouge-l_r": 0.6039307065052256,
  "min_dist-3": 25.881742738589214,
  "avg_dist-3": 26.043401329347873,
  "max_dist-3": 26.205059920106528,
  "m1_dist-3": 25.881742738589214,
  "m2_dist-3": 26.205059920106528,
  "min_dist-4": 32.46044735406438,
  "avg_dist-4": 41.61518339055054,
  "max_dist-4": 50.769919427036704,
  "m1_dist-4": 32.46044735406438,
  "m2_dist-4": 50.769919427036704,
  "min_bleu-4": 1.9095083538591026e-16,
  "avg_bleu-4": 0.028618143187830913,
  "max_bleu-4": 0.05723628637566163,
  "m1_bleu-4": 1.9095083538591026e-16,
  "m2_bleu-4": 0.05723628637566163,
  "min_f1": 4.12094702309689,
  "avg_f1": 10.2183199534464,
  "max_f1": 16.31569288379591,
  "m1_f1": 4.12094702309689,
  "m2_f1": 16.31569288379591,
  "min_rouge-1_f": 1.0106567064678618,
  "avg_rouge-1_f": 4.553732875968155,
  "max_rouge-1_f": 8.096809045468449,
  "m1_rouge-1_f": 1.0106567064678618,
  "m2_rouge-1_f": 8.096809045468449,
  "min_rouge-1_p": 3.555002370791845,
  "avg_rouge-1_p": 24.24480563645121,
  "max_rouge-1_p": 44.934608902110575,
  "m1_rouge-1_p": 3.555002370791845,
  "m2_rouge-1_p": 44.934608902110575,
  "min_rouge-1_r": 0.612154390715752,
  "avg_rouge-1_r": 2.9634903033047815,
  "max_rouge-1_r": 5.314826215893811,
  "m1_rouge-1_r": 0.612154390715752,
  "m2_rouge-1_r": 5.314826215893811,
  "min_rouge-2_f": 0.4624253769506697,
  "avg_rouge-2_f": 0.8269843464852802,
  "max_rouge-2_f": 1.1915433160198907,
  "m1_rouge-2_f": 0.4624253769506697,
  "m2_rouge-2_f": 1.1915433160198907,
  "min_rouge-2_p": 2.061792939618747,
  "avg_rouge-2_p": 4.2801188803179535,
  "max_rouge-2_p": 6.498444821017161,
  "m1_rouge-2_p": 2.061792939618747,
  "m2_rouge-2_p": 6.498444821017161,
  "min_rouge-2_r": 0.27090732714932736,
  "avg_rouge-2_r": 0.5643260370665213,
  "max_rouge-2_r": 0.8577447469837152,
  "m1_rouge-2_r": 0.27090732714932736,
  "m2_rouge-2_r": 0.8577447469837152,
  "min_rouge-l_f": 0.9978975358139542,
  "avg_rouge-l_f": 4.13473525672285,
  "max_rouge-l_f": 7.271572977631746,
  "m1_rouge-l_f": 0.9978975358139542,
  "m2_rouge-l_f": 7.271572977631746,
  "min_rouge-l_p": 3.526552868658132,
  "avg_rouge-l_p": 22.893236988182938,
  "max_rouge-l_p": 42.25992110770775,
  "m1_rouge-l_p": 3.526552868658132,
  "m2_rouge-l_p": 42.25992110770775,
  "min_rouge-l_r": 0.6039307065052256,
  "avg_rouge-l_r": 2.6707657993917113,
  "max_rouge-l_r": 4.737600892278197,
  "m1_rouge-l_r": 0.6039307065052256,
  "m2_rouge-l_r": 4.737600892278197
}