{
  "dist-3": 26.913329954384185,
  "dist-4": 49.15268670697437,
  "bleu-4": 21.588582519044962,
  "f1": 40.30381403260513,
  "rouge-1_f": 23.129047765956397,
  "rouge-1_p": 35.20387585609368,
  "rouge-1_r": 26.338981054352235,
  "rouge-2_f": 15.816008719372078,
  "rouge-2_p": 24.34903535868456,
  "rouge-2_r": 17.299092115339512,
  "rouge-l_f": 22.54119850122343,
  "rouge-l_p": 34.53300039602968,
  "rouge-l_r": 25.308064859583016
}