{
  "dist-3": 26.205059920106528,
  "dist-4": 50.769919427036704,
  "bleu-4": 2.3427259570765484,
  "f1": 30.208982543576678,
  "rouge-1_f": 3.6606385081525787,
  "rouge-1_p": 3.8205513784461154,
  "rouge-1_r": 3.683420262367631,
  "rouge-2_f": 0.0,
  "rouge-2_p": 0.0,
  "rouge-2_r": 0.0,
  "rouge-l_f": 3.5691053273745466,
  "rouge-l_p": 3.7453634085213032,
  "rouge-l_r": 3.566461198040146
}