{"precision": 0.199999999996, "recall": 0.0037878787878773534, "F1": 0.007434944234264314}