{"precision": 0.0344827586206302, "recall": 0.008547008547004895, "F1": 0.013698630105141676}