{
  "em_acc_with_penalty": 0.1998001998001998,
  "token_f1_with_penalty": 0.23349894329468615
}