{"em_acc_with_penalty": 0.2176041780002176, "token_f1_with_penalty": 0.23181174806703264}
