{"em_acc_with_penalty": 0.12487512487512492, "token_f1_with_penalty": 0.1926211336435046}
