{"em_acc_with_penalty": 0.13175108521383344, "token_f1_with_penalty": 0.173304735791616}
