{"em_acc_with_penalty": 0.16959231244945538, "token_f1_with_penalty": 0.21534625332467633}
