{"em_acc_with_penalty": 0.14003079379834543, "token_f1_with_penalty": 0.1746632236105375}
