{"em_acc_with_penalty": 0.20608558108558112, "token_f1_with_penalty": 0.2892976762585867}
