{"em_acc_with_penalty": 0.17751988635171911, "token_f1_with_penalty": 0.23175796850277167}
