{
  "dist-3": 9.896322746350936,
  "dist-4": 24.867857647003465,
  "bleu-4": 42.576736111254476,
  "f1": 74.6784880603147,
  "rouge-1_f": 31.828501951106286,
  "rouge-1_p": 34.36548105171109,
  "rouge-1_r": 32.85278743775019,
  "rouge-2_f": 11.219269213846031,
  "rouge-2_p": 13.102092971811853,
  "rouge-2_r": 11.381289389774546,
  "rouge-l_f": 27.579960856039843,
  "rouge-l_p": 29.82983836567217,
  "rouge-l_r": 28.407505313338472,
  "min_dist-3": 9.785564853556487,
  "avg_dist-3": 9.840943799953711,
  "max_dist-3": 9.896322746350936,
  "m1_dist-3": 9.896322746350936,
  "m2_dist-3": 9.785564853556487,
  "min_dist-4": 23.668907709770366,
  "avg_dist-4": 24.268382678386914,
  "max_dist-4": 24.867857647003465,
  "m1_dist-4": 24.867857647003465,
  "m2_dist-4": 23.668907709770366,
  "min_bleu-4": 35.984034843923936,
  "avg_bleu-4": 39.280385477589206,
  "max_bleu-4": 42.576736111254476,
  "m1_bleu-4": 42.576736111254476,
  "m2_bleu-4": 35.984034843923936,
  "min_f1": 62.39057827819546,
  "avg_f1": 68.53453316925508,
  "max_f1": 74.6784880603147,
  "m1_f1": 74.6784880603147,
  "m2_f1": 62.39057827819546,
  "min_rouge-1_f": 22.5130307998997,
  "avg_rouge-1_f": 27.170766375502993,
  "max_rouge-1_f": 31.828501951106286,
  "m1_rouge-1_f": 31.828501951106286,
  "m2_rouge-1_f": 22.5130307998997,
  "min_rouge-1_p": 31.788455095254356,
  "avg_rouge-1_p": 33.076968073482725,
  "max_rouge-1_p": 34.36548105171109,
  "m1_rouge-1_p": 34.36548105171109,
  "m2_rouge-1_p": 31.788455095254356,
  "min_rouge-1_r": 22.96418500506204,
  "avg_rouge-1_r": 27.908486221406115,
  "max_rouge-1_r": 32.85278743775019,
  "m1_rouge-1_r": 32.85278743775019,
  "m2_rouge-1_r": 22.96418500506204,
  "min_rouge-2_f": 5.018504426730709,
  "avg_rouge-2_f": 8.11888682028837,
  "max_rouge-2_f": 11.219269213846031,
  "m1_rouge-2_f": 11.219269213846031,
  "m2_rouge-2_f": 5.018504426730709,
  "min_rouge-2_p": 7.927596640682998,
  "avg_rouge-2_p": 10.514844806247424,
  "max_rouge-2_p": 13.102092971811853,
  "m1_rouge-2_p": 13.102092971811853,
  "m2_rouge-2_p": 7.927596640682998,
  "min_rouge-2_r": 5.341342979496641,
  "avg_rouge-2_r": 8.361316184635594,
  "max_rouge-2_r": 11.381289389774546,
  "m1_rouge-2_r": 11.381289389774546,
  "m2_rouge-2_r": 5.341342979496641,
  "min_rouge-l_f": 19.2683035281128,
  "avg_rouge-l_f": 23.42413219207632,
  "max_rouge-l_f": 27.579960856039843,
  "m1_rouge-l_f": 27.579960856039843,
  "m2_rouge-l_f": 19.2683035281128,
  "min_rouge-l_p": 28.248505794468574,
  "avg_rouge-l_p": 29.039172080070372,
  "max_rouge-l_p": 29.82983836567217,
  "m1_rouge-l_p": 29.82983836567217,
  "m2_rouge-l_p": 28.248505794468574,
  "min_rouge-l_r": 19.538672616295802,
  "avg_rouge-l_r": 23.973088964817137,
  "max_rouge-l_r": 28.407505313338472,
  "m1_rouge-l_r": 28.407505313338472,
  "m2_rouge-l_r": 19.538672616295802
}