{
  "dist-3": 8.63558116907417,
  "dist-4": 22.4600533621129,
  "bleu-4": 34.76563002594665,
  "f1": 63.22507448843607,
  "rouge-1_f": 28.782059758565534,
  "rouge-1_p": 45.863210799215786,
  "rouge-1_r": 23.888544451168293,
  "rouge-2_f": 10.96621152845575,
  "rouge-2_p": 18.164985199126225,
  "rouge-2_r": 8.997945539812648,
  "rouge-l_f": 26.096933881477653,
  "rouge-l_p": 41.97673042528317,
  "rouge-l_r": 21.57335333716471,
  "min_dist-3": 8.63558116907417,
  "avg_dist-3": 8.884100646328102,
  "max_dist-3": 9.132620123582035,
  "m1_dist-3": 8.63558116907417,
  "m2_dist-3": 9.132620123582035,
  "min_dist-4": 21.22605541049518,
  "avg_dist-4": 21.84305438630404,
  "max_dist-4": 22.4600533621129,
  "m1_dist-4": 22.4600533621129,
  "m2_dist-4": 21.22605541049518,
  "min_bleu-4": 14.299375327944276,
  "avg_bleu-4": 24.532502676945462,
  "max_bleu-4": 34.76563002594665,
  "m1_bleu-4": 34.76563002594665,
  "m2_bleu-4": 14.299375327944276,
  "min_f1": 46.871428607842475,
  "avg_f1": 55.04825154813928,
  "max_f1": 63.22507448843607,
  "m1_f1": 63.22507448843607,
  "m2_f1": 46.871428607842475,
  "min_rouge-1_f": 16.637389154647437,
  "avg_rouge-1_f": 22.709724456606487,
  "max_rouge-1_f": 28.782059758565534,
  "m1_rouge-1_f": 28.782059758565534,
  "m2_rouge-1_f": 16.637389154647437,
  "min_rouge-1_p": 39.46311968344784,
  "avg_rouge-1_p": 42.66316524133181,
  "max_rouge-1_p": 45.863210799215786,
  "m1_rouge-1_p": 45.863210799215786,
  "m2_rouge-1_p": 39.46311968344784,
  "min_rouge-1_r": 12.275723372530095,
  "avg_rouge-1_r": 18.082133911849194,
  "max_rouge-1_r": 23.888544451168293,
  "m1_rouge-1_r": 23.888544451168293,
  "m2_rouge-1_r": 12.275723372530095,
  "min_rouge-2_f": 3.0246385938735085,
  "avg_rouge-2_f": 6.995425061164629,
  "max_rouge-2_f": 10.96621152845575,
  "m1_rouge-2_f": 10.96621152845575,
  "m2_rouge-2_f": 3.0246385938735085,
  "min_rouge-2_p": 7.025509770185495,
  "avg_rouge-2_p": 12.59524748465586,
  "max_rouge-2_p": 18.164985199126225,
  "m1_rouge-2_p": 18.164985199126225,
  "m2_rouge-2_p": 7.025509770185495,
  "min_rouge-2_r": 2.324885494181109,
  "avg_rouge-2_r": 5.661415516996878,
  "max_rouge-2_r": 8.997945539812648,
  "m1_rouge-2_r": 8.997945539812648,
  "m2_rouge-2_r": 2.324885494181109,
  "min_rouge-l_f": 14.982984132723054,
  "avg_rouge-l_f": 20.539959007100354,
  "max_rouge-l_f": 26.096933881477653,
  "m1_rouge-l_f": 26.096933881477653,
  "m2_rouge-l_f": 14.982984132723054,
  "min_rouge-l_p": 36.21573514334022,
  "avg_rouge-l_p": 39.096232784311695,
  "max_rouge-l_p": 41.97673042528317,
  "m1_rouge-l_p": 41.97673042528317,
  "m2_rouge-l_p": 36.21573514334022,
  "min_rouge-l_r": 10.980213816072482,
  "avg_rouge-l_r": 16.276783576618598,
  "max_rouge-l_r": 21.57335333716471,
  "m1_rouge-l_r": 21.57335333716471,
  "m2_rouge-l_r": 10.980213816072482
}