{
  "dist-3": 9.785564853556487,
  "dist-4": 23.668907709770366,
  "bleu-4": 56.546942043239746,
  "f1": 67.7427187800332,
  "rouge-1_f": 48.61508347747909,
  "rouge-1_p": 60.659277904387245,
  "rouge-1_r": 47.81576587854838,
  "rouge-2_f": 37.72052371142001,
  "rouge-2_p": 45.718220534124974,
  "rouge-2_r": 37.04939727321451,
  "rouge-l_f": 47.48231500400187,
  "rouge-l_p": 59.223669819537704,
  "rouge-l_r": 46.75869488246795
}