{
  "dist-3": 9.132620123582035,
  "dist-4": 21.22605541049518,
  "bleu-4": 20.823514010783725,
  "f1": 46.290956532587735,
  "rouge-1_f": 19.746045056356174,
  "rouge-1_p": 31.215778566666664,
  "rouge-1_r": 17.83717447144504,
  "rouge-2_f": 7.947301305520525,
  "rouge-2_p": 12.12545013562657,
  "rouge-2_r": 7.193900657259244,
  "rouge-l_f": 18.607890348506597,
  "rouge-l_p": 29.638658434194266,
  "rouge-l_r": 16.755830717872264
}