{
    "P": 0.05224787363304664,
    "R": 0.06620477290222739,
    "F1": 0.05840407465357644
}