{"precision": 0.0879120879119913, "recall": 0.030303030303018827, "F1": 0.04507042249706011}