{"precision": 0.05555555555547839, "recall": 0.022346368715071317, "F1": 0.03187250991922033}