{"precision": 0.011494252873550007, "recall": 0.004273504273502447, "F1": 0.006230529555497326}