{
  "em_acc_with_penalty": 0.2797202797202797,
  "token_f1_with_penalty": 0.35429697804914634
}