{
  "em_acc_with_penalty": 0.2797202797202797,
  "token_f1_with_penalty": 0.38135696353088044
}