{
    "temporal": {
        "precision": 0.07499999999990625,
        "recall": 0.06896551724130004,
        "f1-score": 0.0718562873751515
    },
    "causal": {
        "precision": 0.14999999999925,
        "recall": 0.14999999999925,
        "f1-score": 0.14999999994925
    },
    "subevent": {
        "precision": 0.0,
        "recall": 0.0,
        "f1-score": 0.0
    },
    "coreference": {
        "precision": 0.44444444443950615,
        "recall": 0.399999999996,
        "f1-score": 0.4210526315246537
    }
}