{"em_acc_with_penalty": 0.24727747500024724, "token_f1_with_penalty": 0.27286244723825553}
