{
  "em_acc_with_penalty": 0.3669799588166936,
  "token_f1_with_penalty": 0.4181392864373185
}