{"em_acc_with_penalty": 0.0026386623690245, "token_f1_with_penalty": 0.04825294375258099}
