{
  "dist-3": 6.06760121995579,
  "dist-4": 13.522827563985823,
  "bleu-4": 25.06792892931271,
  "f1": 49.45849550408544,
  "rouge-1_f": 25.261167838123665,
  "rouge-1_p": 32.99523057689433,
  "rouge-1_r": 23.200178632025953,
  "rouge-2_f": 9.480809739397966,
  "rouge-2_p": 12.330201473211032,
  "rouge-2_r": 9.100719309176537,
  "rouge-l_f": 23.321845173223366,
  "rouge-l_p": 30.73139035157554,
  "rouge-l_r": 21.35133321955417,
  "min_dist-3": 5.226442254456871,
  "avg_dist-3": 5.64702173720633,
  "max_dist-3": 6.06760121995579,
  "m1_dist-3": 6.06760121995579,
  "m2_dist-3": 5.226442254456871,
  "min_dist-4": 11.67876738901513,
  "avg_dist-4": 12.600797476500476,
  "max_dist-4": 13.522827563985823,
  "m1_dist-4": 13.522827563985823,
  "m2_dist-4": 11.67876738901513,
  "min_bleu-4": 22.703765599590035,
  "avg_bleu-4": 23.88584726445137,
  "max_bleu-4": 25.06792892931271,
  "m1_bleu-4": 25.06792892931271,
  "m2_bleu-4": 22.703765599590035,
  "min_f1": 49.45849550408544,
  "avg_f1": 56.097368548875124,
  "max_f1": 62.7362415936648,
  "m1_f1": 49.45849550408544,
  "m2_f1": 62.7362415936648,
  "min_rouge-1_f": 20.793000086226204,
  "avg_rouge-1_f": 23.027083962174935,
  "max_rouge-1_f": 25.261167838123665,
  "m1_rouge-1_f": 25.261167838123665,
  "m2_rouge-1_f": 20.793000086226204,
  "min_rouge-1_p": 31.366042980873356,
  "avg_rouge-1_p": 32.180636778883844,
  "max_rouge-1_p": 32.99523057689433,
  "m1_rouge-1_p": 32.99523057689433,
  "m2_rouge-1_p": 31.366042980873356,
  "min_rouge-1_r": 17.448101365725115,
  "avg_rouge-1_r": 20.324139998875534,
  "max_rouge-1_r": 23.200178632025953,
  "m1_rouge-1_r": 23.200178632025953,
  "m2_rouge-1_r": 17.448101365725115,
  "min_rouge-2_f": 4.077729782181649,
  "avg_rouge-2_f": 6.779269760789807,
  "max_rouge-2_f": 9.480809739397966,
  "m1_rouge-2_f": 9.480809739397966,
  "m2_rouge-2_f": 4.077729782181649,
  "min_rouge-2_p": 6.09813838569761,
  "avg_rouge-2_p": 9.214169929454322,
  "max_rouge-2_p": 12.330201473211032,
  "m1_rouge-2_p": 12.330201473211032,
  "m2_rouge-2_p": 6.09813838569761,
  "min_rouge-2_r": 3.612055308416531,
  "avg_rouge-2_r": 6.356387308796534,
  "max_rouge-2_r": 9.100719309176537,
  "m1_rouge-2_r": 9.100719309176537,
  "m2_rouge-2_r": 3.612055308416531,
  "min_rouge-l_f": 18.347911012652247,
  "avg_rouge-l_f": 20.834878092937807,
  "max_rouge-l_f": 23.321845173223366,
  "m1_rouge-l_f": 23.321845173223366,
  "m2_rouge-l_f": 18.347911012652247,
  "min_rouge-l_p": 27.889996652557745,
  "avg_rouge-l_p": 29.31069350206664,
  "max_rouge-l_p": 30.73139035157554,
  "m1_rouge-l_p": 30.73139035157554,
  "m2_rouge-l_p": 27.889996652557745,
  "min_rouge-l_r": 15.361205295335376,
  "avg_rouge-l_r": 18.356269257444772,
  "max_rouge-l_r": 21.35133321955417,
  "m1_rouge-l_r": 21.35133321955417,
  "m2_rouge-l_r": 15.361205295335376
}