{
  "dist-3": 18.458933107535984,
  "dist-4": 27.211703958691913,
  "bleu-4": 4.284125193069843e-05,
  "f1": 7.6605393328364535,
  "rouge-1_f": 1.4050494286429143,
  "rouge-1_p": 2.7592582510253267,
  "rouge-1_r": 1.1047193271458469,
  "rouge-2_f": 0.30519747738237035,
  "rouge-2_p": 0.8195108984582669,
  "rouge-2_r": 0.22284811496117765,
  "rouge-l_f": 1.230720932439319,
  "rouge-l_p": 2.402554584112448,
  "rouge-l_r": 0.9642348687392748,
  "min_dist-3": 6.379202490580312,
  "avg_dist-3": 12.419067799058148,
  "max_dist-3": 18.458933107535984,
  "m1_dist-3": 18.458933107535984,
  "m2_dist-3": 6.379202490580312,
  "min_dist-4": 14.500903210768604,
  "avg_dist-4": 20.85630358473026,
  "max_dist-4": 27.211703958691913,
  "m1_dist-4": 27.211703958691913,
  "m2_dist-4": 14.500903210768604,
  "min_bleu-4": 4.284125193069843e-05,
  "avg_bleu-4": 12.745873653666392,
  "max_bleu-4": 25.491704466080854,
  "m1_bleu-4": 4.284125193069843e-05,
  "m2_bleu-4": 25.491704466080854,
  "min_f1": 7.6605393328364535,
  "avg_f1": 39.564255038814586,
  "max_f1": 71.46797074479272,
  "m1_f1": 7.6605393328364535,
  "m2_f1": 71.46797074479272,
  "min_rouge-1_f": 1.4050494286429143,
  "avg_rouge-1_f": 9.091329856127981,
  "max_rouge-1_f": 16.777610283613047,
  "m1_rouge-1_f": 1.4050494286429143,
  "m2_rouge-1_f": 16.777610283613047,
  "min_rouge-1_p": 2.7592582510253267,
  "avg_rouge-1_p": 20.969709035515123,
  "max_rouge-1_p": 39.18015982000492,
  "m1_rouge-1_p": 2.7592582510253267,
  "m2_rouge-1_p": 39.18015982000492,
  "min_rouge-1_r": 1.1047193271458469,
  "avg_rouge-1_r": 6.561033603256824,
  "max_rouge-1_r": 12.0173478793678,
  "m1_rouge-1_r": 1.1047193271458469,
  "m2_rouge-1_r": 12.0173478793678,
  "min_rouge-2_f": 0.30519747738237035,
  "avg_rouge-2_f": 1.7163734041995538,
  "max_rouge-2_f": 3.1275493310167373,
  "m1_rouge-2_f": 0.30519747738237035,
  "m2_rouge-2_f": 3.1275493310167373,
  "min_rouge-2_p": 0.8195108984582669,
  "avg_rouge-2_p": 4.505579890175098,
  "max_rouge-2_p": 8.191648881891929,
  "m1_rouge-2_p": 0.8195108984582669,
  "m2_rouge-2_p": 8.191648881891929,
  "min_rouge-2_r": 0.22284811496117765,
  "avg_rouge-2_r": 1.2469002121577286,
  "max_rouge-2_r": 2.2709523093542794,
  "m1_rouge-2_r": 0.22284811496117765,
  "m2_rouge-2_r": 2.2709523093542794,
  "min_rouge-l_f": 1.230720932439319,
  "avg_rouge-l_f": 8.41001012840252,
  "max_rouge-l_f": 15.58929932436572,
  "m1_rouge-l_f": 1.230720932439319,
  "m2_rouge-l_f": 15.58929932436572,
  "min_rouge-l_p": 2.402554584112448,
  "avg_rouge-l_p": 19.56412493113716,
  "max_rouge-l_p": 36.72569527816187,
  "m1_rouge-l_p": 2.402554584112448,
  "m2_rouge-l_p": 36.72569527816187,
  "min_rouge-l_r": 0.9642348687392748,
  "avg_rouge-l_r": 6.041506929112248,
  "max_rouge-l_r": 11.11877898948522,
  "m1_rouge-l_r": 0.9642348687392748,
  "m2_rouge-l_r": 11.11877898948522
}