{
  "dist-3": 5.226442254456871,
  "dist-4": 11.67876738901513,
  "bleu-4": 37.18638650001307,
  "f1": 64.41015417525539,
  "rouge-1_f": 32.76361707347215,
  "rouge-1_p": 37.94808168099553,
  "rouge-1_r": 32.476485221219356,
  "rouge-2_f": 20.174591440629694,
  "rouge-2_p": 23.739530135508137,
  "rouge-2_r": 20.134015165012844,
  "rouge-l_f": 31.61298556064857,
  "rouge-l_p": 36.69238656264488,
  "rouge-l_r": 31.259850421745163
}