{
  "dist-3": 6.379202490580312,
  "dist-4": 14.500903210768604,
  "bleu-4": 3.549369158631411,
  "f1": 11.359956580216636,
  "rouge-1_f": 5.670519034856025,
  "rouge-1_p": 5.9909041861377625,
  "rouge-1_r": 6.004721524752295,
  "rouge-2_f": 1.5454685023738848,
  "rouge-2_p": 1.4959466095263605,
  "rouge-2_r": 1.8720095693779906,
  "rouge-l_f": 5.64835837003608,
  "rouge-l_p": 5.959006259502995,
  "rouge-l_r": 5.9877435960595955
}