{"precision": 0.24999999999375, "recall": 0.0037878787878773534, "F1": 0.007462686564218089}