{"precision": 0.24999999999375, "recall": 0.004273504273502447, "F1": 0.008403361341225903}