{"em_acc_with_penalty": 0.09490509490509492, "token_f1_with_penalty": 0.13240099983080178}
