{"em_acc_with_penalty": 0.08491508491508493, "token_f1_with_penalty": 0.17828218541309965}
