{"em_acc_with_penalty": 0.11788193863850602, "token_f1_with_penalty": 0.16150294087571349}
