{"em_acc_with_penalty": 0.1398601398601399, "token_f1_with_penalty": 0.18513739092373704}
