{"em_acc_with_penalty": 0.11155566627830497, "token_f1_with_penalty": 0.13561556114291096}
