{"em_acc_with_penalty": 0.1368498548266575, "token_f1_with_penalty": 0.21220977933901872}
