{"em_acc_with_penalty": 0.12528705173391827, "token_f1_with_penalty": 0.17065609286705785}
