{
  "dist-3": 16.43260514192302,
  "dist-4": 36.109764736587,
  "bleu-4": 17.365560809878914,
  "f1": 48.42892478445794,
  "rouge-1_f": 19.702357806499332,
  "rouge-1_p": 31.656521934653053,
  "rouge-1_r": 16.907584618922648,
  "rouge-2_f": 5.9057734628505445,
  "rouge-2_p": 11.01068114440793,
  "rouge-2_r": 4.79202014951543,
  "rouge-l_f": 17.307938717229845,
  "rouge-l_p": 28.015569118335147,
  "rouge-l_r": 14.799863966326036,
  "min_dist-3": 16.43260514192302,
  "avg_dist-3": 24.06501936519834,
  "max_dist-3": 31.69743358847366,
  "m1_dist-3": 16.43260514192302,
  "m2_dist-3": 31.69743358847366,
  "min_dist-4": 36.109764736587,
  "avg_dist-4": 42.00243240280005,
  "max_dist-4": 47.89510006901311,
  "m1_dist-4": 36.109764736587,
  "m2_dist-4": 47.89510006901311,
  "min_bleu-4": 0.002148329992410104,
  "avg_bleu-4": 8.683854569935662,
  "max_bleu-4": 17.365560809878914,
  "m1_bleu-4": 17.365560809878914,
  "m2_bleu-4": 0.002148329992410104,
  "min_f1": 16.708876306732975,
  "avg_f1": 32.568900545595454,
  "max_f1": 48.42892478445794,
  "m1_f1": 48.42892478445794,
  "m2_f1": 16.708876306732975,
  "min_rouge-1_f": 9.450914771858194,
  "avg_rouge-1_f": 14.576636289178763,
  "max_rouge-1_f": 19.702357806499332,
  "m1_rouge-1_f": 19.702357806499332,
  "m2_rouge-1_f": 9.450914771858194,
  "min_rouge-1_p": 31.656521934653053,
  "avg_rouge-1_p": 35.827383472815754,
  "max_rouge-1_p": 39.99824501097845,
  "m1_rouge-1_p": 31.656521934653053,
  "m2_rouge-1_p": 39.99824501097845,
  "min_rouge-1_r": 5.561614444255443,
  "avg_rouge-1_r": 11.234599531589046,
  "max_rouge-1_r": 16.907584618922648,
  "m1_rouge-1_r": 16.907584618922648,
  "m2_rouge-1_r": 5.561614444255443,
  "min_rouge-2_f": 1.2592507688633796,
  "avg_rouge-2_f": 3.582512115856962,
  "max_rouge-2_f": 5.9057734628505445,
  "m1_rouge-2_f": 5.9057734628505445,
  "m2_rouge-2_f": 1.2592507688633796,
  "min_rouge-2_p": 6.563679626006496,
  "avg_rouge-2_p": 8.787180385207213,
  "max_rouge-2_p": 11.01068114440793,
  "m1_rouge-2_p": 11.01068114440793,
  "m2_rouge-2_p": 6.563679626006496,
  "min_rouge-2_r": 0.7287760467465858,
  "avg_rouge-2_r": 2.760398098131008,
  "max_rouge-2_r": 4.79202014951543,
  "m1_rouge-2_r": 4.79202014951543,
  "m2_rouge-2_r": 0.7287760467465858,
  "min_rouge-l_f": 8.73306580360043,
  "avg_rouge-l_f": 13.020502260415139,
  "max_rouge-l_f": 17.307938717229845,
  "m1_rouge-l_f": 17.307938717229845,
  "m2_rouge-l_f": 8.73306580360043,
  "min_rouge-l_p": 28.015569118335147,
  "avg_rouge-l_p": 32.78132661239603,
  "max_rouge-l_p": 37.547084106456914,
  "m1_rouge-l_p": 28.015569118335147,
  "m2_rouge-l_p": 37.547084106456914,
  "min_rouge-l_r": 5.123609236459665,
  "avg_rouge-l_r": 9.96173660139285,
  "max_rouge-l_r": 14.799863966326036,
  "m1_rouge-l_r": 14.799863966326036,
  "m2_rouge-l_r": 5.123609236459665
}