{
  "dist-3": 17.14841286525121,
  "dist-4": 34.3791263930703,
  "bleu-4": 1.141973339455913,
  "f1": 23.76541996063005,
  "rouge-1_f": 9.903207438806154,
  "rouge-1_p": 28.830240144101932,
  "rouge-1_r": 6.9784861815132935,
  "rouge-2_f": 2.620218376564398,
  "rouge-2_p": 7.625006998653711,
  "rouge-2_r": 1.7890156683600753,
  "rouge-l_f": 9.057103054194627,
  "rouge-l_p": 26.520665970468308,
  "rouge-l_r": 6.356763488418674,
  "min_dist-3": 17.14841286525121,
  "avg_dist-3": 27.795590638481862,
  "max_dist-3": 38.442768411712514,
  "m1_dist-3": 17.14841286525121,
  "m2_dist-3": 38.442768411712514,
  "min_dist-4": 34.3791263930703,
  "avg_dist-4": 48.120902421552145,
  "max_dist-4": 61.86267845003399,
  "m1_dist-4": 34.3791263930703,
  "m2_dist-4": 61.86267845003399,
  "min_bleu-4": 9.79107504590518e-07,
  "avg_bleu-4": 0.5709871592817088,
  "max_bleu-4": 1.141973339455913,
  "m1_bleu-4": 1.141973339455913,
  "m2_bleu-4": 9.79107504590518e-07,
  "min_f1": 10.086563237149347,
  "avg_f1": 16.9259915988897,
  "max_f1": 23.76541996063005,
  "m1_f1": 23.76541996063005,
  "m2_f1": 10.086563237149347,
  "min_rouge-1_f": 6.613207157380636,
  "avg_rouge-1_f": 8.258207298093396,
  "max_rouge-1_f": 9.903207438806154,
  "m1_rouge-1_f": 9.903207438806154,
  "m2_rouge-1_f": 6.613207157380636,
  "min_rouge-1_p": 28.830240144101932,
  "avg_rouge-1_p": 38.88517888582264,
  "max_rouge-1_p": 48.94011762754335,
  "m1_rouge-1_p": 28.830240144101932,
  "m2_rouge-1_p": 48.94011762754335,
  "min_rouge-1_r": 3.6427035807317596,
  "avg_rouge-1_r": 5.310594881122526,
  "max_rouge-1_r": 6.9784861815132935,
  "m1_rouge-1_r": 6.9784861815132935,
  "m2_rouge-1_r": 3.6427035807317596,
  "min_rouge-2_f": 0.6416009692206567,
  "avg_rouge-2_f": 1.6309096728925272,
  "max_rouge-2_f": 2.620218376564398,
  "m1_rouge-2_f": 2.620218376564398,
  "m2_rouge-2_f": 0.6416009692206567,
  "min_rouge-2_p": 6.060351883555404,
  "avg_rouge-2_p": 6.842679441104558,
  "max_rouge-2_p": 7.625006998653711,
  "m1_rouge-2_p": 7.625006998653711,
  "m2_rouge-2_p": 6.060351883555404,
  "min_rouge-2_r": 0.35088949447734585,
  "avg_rouge-2_r": 1.0699525814187105,
  "max_rouge-2_r": 1.7890156683600753,
  "m1_rouge-2_r": 1.7890156683600753,
  "m2_rouge-2_r": 0.35088949447734585,
  "min_rouge-l_f": 6.104448905292441,
  "avg_rouge-l_f": 7.5807759797435335,
  "max_rouge-l_f": 9.057103054194627,
  "m1_rouge-l_f": 9.057103054194627,
  "m2_rouge-l_f": 6.104448905292441,
  "min_rouge-l_p": 26.520665970468308,
  "avg_rouge-l_p": 36.23270362312819,
  "max_rouge-l_p": 45.94474127578806,
  "m1_rouge-l_p": 26.520665970468308,
  "m2_rouge-l_p": 45.94474127578806,
  "min_rouge-l_r": 3.3553800803464426,
  "avg_rouge-l_r": 4.856071784382559,
  "max_rouge-l_r": 6.356763488418674,
  "m1_rouge-l_r": 6.356763488418674,
  "m2_rouge-l_r": 3.3553800803464426
}