{
  "dist-3": 31.69743358847366,
  "dist-4": 47.89510006901311,
  "bleu-4": 0.39882634774694,
  "f1": 31.984897703621566,
  "rouge-1_f": 15.234465807400408,
  "rouge-1_p": 38.759656923743606,
  "rouge-1_r": 10.932053506437844,
  "rouge-2_f": 5.9087081446551215,
  "rouge-2_p": 20.110141166927864,
  "rouge-2_r": 3.983444887643199,
  "rouge-l_f": 14.485972465536559,
  "rouge-l_p": 37.24593672581289,
  "rouge-l_r": 10.388930084418769
}