{
  "dist-3": 38.442768411712514,
  "dist-4": 61.86267845003399,
  "bleu-4": 1.667411197087199,
  "f1": 36.659245727383755,
  "rouge-1_f": 12.51981159524583,
  "rouge-1_p": 22.897392768909803,
  "rouge-1_r": 10.238147445599893,
  "rouge-2_f": 5.807829598370724,
  "rouge-2_p": 11.169400774663934,
  "rouge-2_r": 4.78638271292751,
  "rouge-l_f": 12.133774437844096,
  "rouge-l_p": 22.29692993624883,
  "rouge-l_r": 9.916439785951582
}