{
  "em_acc_with_penalty": 0.2097902097902098,
  "token_f1_with_penalty": 0.27129772192973994
}