{
  "em_acc_with_penalty": 0.108578650786443,
  "token_f1_with_penalty": 0.12154936868971103
}