{"em_acc_with_penalty": 0.23738637600023738, "token_f1_with_penalty": 0.25126021502011064}
