{
  "em_acc_with_penalty": 0.326204407837061,
  "token_f1_with_penalty": 0.3962545734114853
}