{"em_acc_with_penalty": 0.03996003996003997, "token_f1_with_penalty": 0.0928933887376392}
