{"em_acc_with_penalty": 0.07492507492507493, "token_f1_with_penalty": 0.1289235944825676}
