{"em_acc_with_penalty": 0.059940059940059943, "token_f1_with_penalty": 0.09683148345614058}
