{"em_acc_with_penalty": 0.07492507492507493, "token_f1_with_penalty": 0.12137502077263478}
