{"em_acc_with_penalty": 0.05088448965999987, "token_f1_with_penalty": 0.09660528371780341}
