{
  "dist-3": 16.46368305209098,
  "dist-4": 36.0942389103626,
  "bleu-4": 16.77839766376622,
  "f1": 49.584755710413425,
  "rouge-1_f": 19.14477553639321,
  "rouge-1_p": 29.842103171325963,
  "rouge-1_r": 17.374122096240644,
  "rouge-2_f": 5.006878826429214,
  "rouge-2_p": 10.354268199034161,
  "rouge-2_r": 4.4947008323789595,
  "rouge-l_f": 16.264002002247043,
  "rouge-l_p": 25.849431585764943,
  "rouge-l_r": 14.721946098562437,
  "min_dist-3": 16.46368305209098,
  "avg_dist-3": 19.839839992793078,
  "max_dist-3": 23.215996933495177,
  "m1_dist-3": 16.46368305209098,
  "m2_dist-3": 23.215996933495177,
  "min_dist-4": 36.0942389103626,
  "avg_dist-4": 40.70427333100081,
  "max_dist-4": 45.31430775163903,
  "m1_dist-4": 36.0942389103626,
  "m2_dist-4": 45.31430775163903,
  "min_bleu-4": 4.48893255556179,
  "avg_bleu-4": 10.633665109664005,
  "max_bleu-4": 16.77839766376622,
  "m1_bleu-4": 16.77839766376622,
  "m2_bleu-4": 4.48893255556179,
  "min_f1": 35.05953305408781,
  "avg_f1": 42.32214438225061,
  "max_f1": 49.584755710413425,
  "m1_f1": 49.584755710413425,
  "m2_f1": 35.05953305408781,
  "min_rouge-1_f": 11.559189771240225,
  "avg_rouge-1_f": 15.35198265381672,
  "max_rouge-1_f": 19.14477553639321,
  "m1_rouge-1_f": 19.14477553639321,
  "m2_rouge-1_f": 11.559189771240225,
  "min_rouge-1_p": 29.842103171325963,
  "avg_rouge-1_p": 31.467689188586327,
  "max_rouge-1_p": 33.093275205846695,
  "m1_rouge-1_p": 29.842103171325963,
  "m2_rouge-1_p": 33.093275205846695,
  "min_rouge-1_r": 9.376442344340395,
  "avg_rouge-1_r": 13.375282220290519,
  "max_rouge-1_r": 17.374122096240644,
  "m1_rouge-1_r": 17.374122096240644,
  "m2_rouge-1_r": 9.376442344340395,
  "min_rouge-2_f": 1.6902314093160917,
  "avg_rouge-2_f": 3.348555117872653,
  "max_rouge-2_f": 5.006878826429214,
  "m1_rouge-2_f": 5.006878826429214,
  "m2_rouge-2_f": 1.6902314093160917,
  "min_rouge-2_p": 4.771523983235635,
  "avg_rouge-2_p": 7.562896091134898,
  "max_rouge-2_p": 10.354268199034161,
  "m1_rouge-2_p": 10.354268199034161,
  "m2_rouge-2_p": 4.771523983235635,
  "min_rouge-2_r": 1.4019482152187284,
  "avg_rouge-2_r": 2.948324523798844,
  "max_rouge-2_r": 4.4947008323789595,
  "m1_rouge-2_r": 4.4947008323789595,
  "m2_rouge-2_r": 1.4019482152187284,
  "min_rouge-l_f": 9.981389997001592,
  "avg_rouge-l_f": 13.122695999624318,
  "max_rouge-l_f": 16.264002002247043,
  "m1_rouge-l_f": 16.264002002247043,
  "m2_rouge-l_f": 9.981389997001592,
  "min_rouge-l_p": 25.849431585764943,
  "avg_rouge-l_p": 28.15541938484052,
  "max_rouge-l_p": 30.461407183916094,
  "m1_rouge-l_p": 25.849431585764943,
  "m2_rouge-l_p": 30.461407183916094,
  "min_rouge-l_r": 8.029154987775916,
  "avg_rouge-l_r": 11.375550543169176,
  "max_rouge-l_r": 14.721946098562437,
  "m1_rouge-l_r": 14.721946098562437,
  "m2_rouge-l_r": 8.029154987775916
}