{
  "dist-3": 31.844987363100252,
  "dist-4": 43.35234752084248,
  "bleu-4": 1.7450077654067322e-13,
  "f1": 4.8734498725396325,
  "rouge-1_f": 0.9737628420609761,
  "rouge-1_p": 4.236225342520491,
  "rouge-1_r": 0.6365281305298895,
  "rouge-2_f": 0.3799459811300432,
  "rouge-2_p": 3.077396389524536,
  "rouge-2_r": 0.21716241816475018,
  "rouge-l_f": 0.8517086521973778,
  "rouge-l_p": 4.067284471825235,
  "rouge-l_r": 0.5393899162119336,
  "min_dist-3": 10.928696113308439,
  "avg_dist-3": 21.386841738204346,
  "max_dist-3": 31.844987363100252,
  "m1_dist-3": 31.844987363100252,
  "m2_dist-3": 10.928696113308439,
  "min_dist-4": 27.624994464372705,
  "avg_dist-4": 35.488670992607595,
  "max_dist-4": 43.35234752084248,
  "m1_dist-4": 43.35234752084248,
  "m2_dist-4": 27.624994464372705,
  "min_bleu-4": 1.7450077654067322e-13,
  "avg_bleu-4": 8.893936983801172,
  "max_bleu-4": 17.78787396760217,
  "m1_bleu-4": 1.7450077654067322e-13,
  "m2_bleu-4": 17.78787396760217,
  "min_f1": 4.8734498725396325,
  "avg_f1": 28.721232217557816,
  "max_f1": 52.569014562576,
  "m1_f1": 4.8734498725396325,
  "m2_f1": 52.569014562576,
  "min_rouge-1_f": 0.9737628420609761,
  "avg_rouge-1_f": 9.330411196424063,
  "max_rouge-1_f": 17.68705955078715,
  "m1_rouge-1_f": 0.9737628420609761,
  "m2_rouge-1_f": 17.68705955078715,
  "min_rouge-1_p": 4.236225342520491,
  "avg_rouge-1_p": 19.852048182249,
  "max_rouge-1_p": 35.46787102197751,
  "m1_rouge-1_p": 4.236225342520491,
  "m2_rouge-1_p": 35.46787102197751,
  "min_rouge-1_r": 0.6365281305298895,
  "avg_rouge-1_r": 7.468719259971545,
  "max_rouge-1_r": 14.3009103894132,
  "m1_rouge-1_r": 0.6365281305298895,
  "m2_rouge-1_r": 14.3009103894132,
  "min_rouge-2_f": 0.3799459811300432,
  "avg_rouge-2_f": 1.4686532359036244,
  "max_rouge-2_f": 2.5573604906772056,
  "m1_rouge-2_f": 0.3799459811300432,
  "m2_rouge-2_f": 2.5573604906772056,
  "min_rouge-2_p": 3.077396389524536,
  "avg_rouge-2_p": 4.276422978938388,
  "max_rouge-2_p": 5.47544956835224,
  "m1_rouge-2_p": 3.077396389524536,
  "m2_rouge-2_p": 5.47544956835224,
  "min_rouge-2_r": 0.21716241816475018,
  "avg_rouge-2_r": 1.1647241167176692,
  "max_rouge-2_r": 2.1122858152705883,
  "m1_rouge-2_r": 0.21716241816475018,
  "m2_rouge-2_r": 2.1122858152705883,
  "min_rouge-l_f": 0.8517086521973778,
  "avg_rouge-l_f": 8.305572365426409,
  "max_rouge-l_f": 15.75943607865544,
  "m1_rouge-l_f": 0.8517086521973778,
  "m2_rouge-l_f": 15.75943607865544,
  "min_rouge-l_p": 4.067284471825235,
  "avg_rouge-l_p": 18.317116506011473,
  "max_rouge-l_p": 32.566948540197714,
  "m1_rouge-l_p": 4.067284471825235,
  "m2_rouge-l_p": 32.566948540197714,
  "min_rouge-l_r": 0.5393899162119336,
  "avg_rouge-l_r": 6.590236637466632,
  "max_rouge-l_r": 12.641083358721332,
  "m1_rouge-l_r": 0.5393899162119336,
  "m2_rouge-l_r": 12.641083358721332
}