{
  "dist-3": 23.215996933495177,
  "dist-4": 45.31430775163903,
  "bleu-4": 26.37055452170945,
  "f1": 38.991152270803234,
  "rouge-1_f": 26.327564621690605,
  "rouge-1_p": 49.516099950461495,
  "rouge-1_r": 24.915798057231008,
  "rouge-2_f": 19.949134078124786,
  "rouge-2_p": 39.175309558142004,
  "rouge-2_r": 18.476309763305995,
  "rouge-l_f": 25.737596284980558,
  "rouge-l_p": 48.55482822980654,
  "rouge-l_r": 24.335998898024624
}