{
  "dist-3": 10.928696113308439,
  "dist-4": 27.624994464372705,
  "bleu-4": 2.1571737261925428,
  "f1": 15.255302864904142,
  "rouge-1_f": 4.5378992479755995,
  "rouge-1_p": 5.67413098775941,
  "rouge-1_r": 4.794843118888527,
  "rouge-2_f": 0.807826887756763,
  "rouge-2_p": 1.8785425101214575,
  "rouge-2_r": 0.6217317487266554,
  "rouge-l_f": 4.504972355965516,
  "rouge-l_p": 5.644494301775974,
  "rouge-l_r": 4.631471727446959
}