{
  "em_acc_with_penalty": 0.17982017982017987,
  "token_f1_with_penalty": 0.23354565995382187
}