{"em_acc_with_penalty": 0.04945549500004946, "token_f1_with_penalty": 0.0948048700269652}
