{
  "em_acc_with_penalty": 0.0023366030167310463,
  "token_f1_with_penalty": 0.013257349749711909
}