{
  "em_acc_with_penalty": 0.0017515421390420197,
  "token_f1_with_penalty": 0.013523242323023257
}