{
  "dist-3": 5.553833530859696,
  "dist-4": 14.011588119895983,
  "bleu-4": 26.661048689200754,
  "f1": 59.327060061114004,
  "rouge-1_f": 31.7109783368378,
  "rouge-1_p": 33.53958643374362,
  "rouge-1_r": 34.86198740696848,
  "rouge-2_f": 10.713557965232347,
  "rouge-2_p": 10.513160242013846,
  "rouge-2_r": 13.301298196479667,
  "rouge-l_f": 27.985873268959622,
  "rouge-l_p": 29.606268771663974,
  "rouge-l_r": 30.842578060255022,
  "min_dist-3": 5.553833530859696,
  "avg_dist-3": 5.664548175483452,
  "max_dist-3": 5.775262820107207,
  "m1_dist-3": 5.553833530859696,
  "m2_dist-3": 5.775262820107207,
  "min_dist-4": 14.011588119895983,
  "avg_dist-4": 14.113690415754455,
  "max_dist-4": 14.215792711612925,
  "m1_dist-4": 14.011588119895983,
  "m2_dist-4": 14.215792711612925,
  "min_bleu-4": 24.682144591303086,
  "avg_bleu-4": 25.67159664025192,
  "max_bleu-4": 26.661048689200754,
  "m1_bleu-4": 26.661048689200754,
  "m2_bleu-4": 24.682144591303086,
  "min_f1": 58.609226337319456,
  "avg_f1": 58.968143199216726,
  "max_f1": 59.327060061114004,
  "m1_f1": 59.327060061114004,
  "m2_f1": 58.609226337319456,
  "min_rouge-1_f": 24.701180202072322,
  "avg_rouge-1_f": 28.20607926945506,
  "max_rouge-1_f": 31.7109783368378,
  "m1_rouge-1_f": 31.7109783368378,
  "m2_rouge-1_f": 24.701180202072322,
  "min_rouge-1_p": 26.798875103437428,
  "avg_rouge-1_p": 30.169230768590523,
  "max_rouge-1_p": 33.53958643374362,
  "m1_rouge-1_p": 33.53958643374362,
  "m2_rouge-1_p": 26.798875103437428,
  "min_rouge-1_r": 27.199196488108846,
  "avg_rouge-1_r": 31.030591947538664,
  "max_rouge-1_r": 34.86198740696848,
  "m1_rouge-1_r": 34.86198740696848,
  "m2_rouge-1_r": 27.199196488108846,
  "min_rouge-2_f": 6.350544961459722,
  "avg_rouge-2_f": 8.532051463346034,
  "max_rouge-2_f": 10.713557965232347,
  "m1_rouge-2_f": 10.713557965232347,
  "m2_rouge-2_f": 6.350544961459722,
  "min_rouge-2_p": 6.76082340206058,
  "avg_rouge-2_p": 8.636991822037213,
  "max_rouge-2_p": 10.513160242013846,
  "m1_rouge-2_p": 10.513160242013846,
  "m2_rouge-2_p": 6.76082340206058,
  "min_rouge-2_r": 7.880548003004171,
  "avg_rouge-2_r": 10.59092309974192,
  "max_rouge-2_r": 13.301298196479667,
  "m1_rouge-2_r": 13.301298196479667,
  "m2_rouge-2_r": 7.880548003004171,
  "min_rouge-l_f": 21.696181129963367,
  "avg_rouge-l_f": 24.841027199461493,
  "max_rouge-l_f": 27.985873268959622,
  "m1_rouge-l_f": 27.985873268959622,
  "m2_rouge-l_f": 21.696181129963367,
  "min_rouge-l_p": 23.69695662231283,
  "avg_rouge-l_p": 26.6516126969884,
  "max_rouge-l_p": 29.606268771663974,
  "m1_rouge-l_p": 29.606268771663974,
  "m2_rouge-l_p": 23.69695662231283,
  "min_rouge-l_r": 23.923916665605184,
  "avg_rouge-l_r": 27.383247362930103,
  "max_rouge-l_r": 30.842578060255022,
  "m1_rouge-l_r": 30.842578060255022,
  "m2_rouge-l_r": 23.923916665605184
}