{
  "dist-3": 4.986995739029384,
  "dist-4": 12.379791712829604,
  "bleu-4": 37.481434928867046,
  "f1": 76.72289965551187,
  "rouge-1_f": 26.100784311110548,
  "rouge-1_p": 46.18463039329212,
  "rouge-1_r": 20.12214799551361,
  "rouge-2_f": 8.456287784435878,
  "rouge-2_p": 14.277712532185646,
  "rouge-2_r": 6.8059566753856116,
  "rouge-l_f": 24.035724898628665,
  "rouge-l_p": 42.889021544396535,
  "rouge-l_r": 18.464654993449717,
  "min_dist-3": 4.986995739029384,
  "avg_dist-3": 5.186350203706953,
  "max_dist-3": 5.385704668384521,
  "m1_dist-3": 4.986995739029384,
  "m2_dist-3": 5.385704668384521,
  "min_dist-4": 12.379791712829604,
  "avg_dist-4": 12.692917004451054,
  "max_dist-4": 13.006042296072506,
  "m1_dist-4": 12.379791712829604,
  "m2_dist-4": 13.006042296072506,
  "min_bleu-4": 34.31131025771473,
  "avg_bleu-4": 35.89637259329089,
  "max_bleu-4": 37.481434928867046,
  "m1_bleu-4": 37.481434928867046,
  "m2_bleu-4": 34.31131025771473,
  "min_f1": 75.42794888243614,
  "avg_f1": 76.075424268974,
  "max_f1": 76.72289965551187,
  "m1_f1": 76.72289965551187,
  "m2_f1": 75.42794888243614,
  "min_rouge-1_f": 22.307946192144204,
  "avg_rouge-1_f": 24.204365251627376,
  "max_rouge-1_f": 26.100784311110548,
  "m1_rouge-1_f": 26.100784311110548,
  "m2_rouge-1_f": 22.307946192144204,
  "min_rouge-1_p": 41.656886652267346,
  "avg_rouge-1_p": 43.920758522779735,
  "max_rouge-1_p": 46.18463039329212,
  "m1_rouge-1_p": 46.18463039329212,
  "m2_rouge-1_p": 41.656886652267346,
  "min_rouge-1_r": 17.014719636934988,
  "avg_rouge-1_r": 18.5684338162243,
  "max_rouge-1_r": 20.12214799551361,
  "m1_rouge-1_r": 20.12214799551361,
  "m2_rouge-1_r": 17.014719636934988,
  "min_rouge-2_f": 4.868586023108727,
  "avg_rouge-2_f": 6.662436903772303,
  "max_rouge-2_f": 8.456287784435878,
  "m1_rouge-2_f": 8.456287784435878,
  "m2_rouge-2_f": 4.868586023108727,
  "min_rouge-2_p": 9.48363774913039,
  "avg_rouge-2_p": 11.880675140658017,
  "max_rouge-2_p": 14.277712532185646,
  "m1_rouge-2_p": 14.277712532185646,
  "m2_rouge-2_p": 9.48363774913039,
  "min_rouge-2_r": 3.8160766668329256,
  "avg_rouge-2_r": 5.311016671109268,
  "max_rouge-2_r": 6.8059566753856116,
  "m1_rouge-2_r": 6.8059566753856116,
  "m2_rouge-2_r": 3.8160766668329256,
  "min_rouge-l_f": 20.26441938995351,
  "avg_rouge-l_f": 22.150072144291087,
  "max_rouge-l_f": 24.035724898628665,
  "m1_rouge-l_f": 24.035724898628665,
  "m2_rouge-l_f": 20.26441938995351,
  "min_rouge-l_p": 38.11400909123664,
  "avg_rouge-l_p": 40.50151531781658,
  "max_rouge-l_p": 42.889021544396535,
  "m1_rouge-l_p": 42.889021544396535,
  "m2_rouge-l_p": 38.11400909123664,
  "min_rouge-l_r": 15.398652258017597,
  "avg_rouge-l_r": 16.931653625733656,
  "max_rouge-l_r": 18.464654993449717,
  "m1_rouge-l_r": 18.464654993449717,
  "m2_rouge-l_r": 15.398652258017597
}