{
  "dist-3": 5.775262820107207,
  "dist-4": 14.215792711612925,
  "bleu-4": 47.227335058241536,
  "f1": 81.70821773624144,
  "rouge-1_f": 35.84082899225137,
  "rouge-1_p": 39.6544528882313,
  "rouge-1_r": 39.05393464830458,
  "rouge-2_f": 20.097249583636593,
  "rouge-2_p": 22.554092475970762,
  "rouge-2_r": 21.133923210632812,
  "rouge-l_f": 33.74698799915928,
  "rouge-l_p": 37.37894835965922,
  "rouge-l_r": 36.707011117284594
}