{
  "dist-3": 5.385704668384521,
  "dist-4": 13.006042296072506,
  "bleu-4": 44.057914566048254,
  "f1": 79.15287632547339,
  "rouge-1_f": 40.22983934465484,
  "rouge-1_p": 44.687751499542756,
  "rouge-1_r": 44.031308139701814,
  "rouge-2_f": 22.816427277992357,
  "rouge-2_p": 25.7891265238131,
  "rouge-2_r": 25.409843123334955,
  "rouge-l_f": 38.97359465631705,
  "rouge-l_p": 43.3311966590805,
  "rouge-l_r": 42.66980657201454
}