{"precision": 0.1018181818181448, "recall": 0.10606060606056589, "F1": 0.10389610384608618}