{"precision": 0.00632911392404863, "recall": 0.011173184357535658, "F1": 0.008080808034634833}