{
  "em_acc_with_penalty": 0.05161505161505162,
  "token_f1_with_penalty": 0.061044985635498365
}