{
    "identification": {
        "precision": 0.4423076923068417,
        "recall": 0.10697674418599676,
        "f1": 0.17228464416326222
    },
    "classification": {
        "precision": 0.15384615384585798,
        "recall": 0.03720930232556409,
        "f1": 0.05992509360154863
    }
}