{
    "temporal": {
        "precision": 0.002898550724636841,
        "recall": 0.011494252873550007,
        "f1-score": 0.004629629597461206
    },
    "causal": {
        "precision": 0.0,
        "recall": 0.0,
        "f1-score": 0.0
    },
    "subevent": {
        "precision": 0.0,
        "recall": 0.0,
        "f1-score": 0.0
    },
    "coreference": {
        "precision": 0.0,
        "recall": 0.0,
        "f1-score": 0.0
    }
}