{"em_acc_with_penalty": 0.004527821669822916, "token_f1_with_penalty": 0.026746551763029237}
