{"em_acc_with_penalty": 0.0008162621529075076, "token_f1_with_penalty": 0.03741492700669562}
