{
  "dist-3": 5.800704963322854,
  "dist-4": 14.05196662693683,
  "bleu-4": 26.14260140308054,
  "f1": 59.14083317548017,
  "rouge-1_f": 33.46505652321541,
  "rouge-1_p": 36.85976978166512,
  "rouge-1_r": 36.3509610939054,
  "rouge-2_f": 10.967494985234858,
  "rouge-2_p": 11.294105035223756,
  "rouge-2_r": 13.161061550706492,
  "rouge-l_f": 28.197139037065043,
  "rouge-l_p": 31.275876942815465,
  "rouge-l_r": 30.54991031877871,
  "min_dist-3": 5.601772736662222,
  "avg_dist-3": 5.701238849992539,
  "max_dist-3": 5.800704963322854,
  "m1_dist-3": 5.800704963322854,
  "m2_dist-3": 5.601772736662222,
  "min_dist-4": 13.030157790370932,
  "avg_dist-4": 13.54106220865388,
  "max_dist-4": 14.05196662693683,
  "m1_dist-4": 14.05196662693683,
  "m2_dist-4": 13.030157790370932,
  "min_bleu-4": 22.01958898664529,
  "avg_bleu-4": 24.081095194862915,
  "max_bleu-4": 26.14260140308054,
  "m1_bleu-4": 26.14260140308054,
  "m2_bleu-4": 22.01958898664529,
  "min_f1": 59.14083317548017,
  "avg_f1": 59.20698147629727,
  "max_f1": 59.27312977711438,
  "m1_f1": 59.14083317548017,
  "m2_f1": 59.27312977711438,
  "min_rouge-1_f": 21.43992054217276,
  "avg_rouge-1_f": 27.452488532694083,
  "max_rouge-1_f": 33.46505652321541,
  "m1_rouge-1_f": 33.46505652321541,
  "m2_rouge-1_f": 21.43992054217276,
  "min_rouge-1_p": 27.75171137613935,
  "avg_rouge-1_p": 32.30574057890224,
  "max_rouge-1_p": 36.85976978166512,
  "m1_rouge-1_p": 36.85976978166512,
  "m2_rouge-1_p": 27.75171137613935,
  "min_rouge-1_r": 20.88255375817986,
  "avg_rouge-1_r": 28.61675742604263,
  "max_rouge-1_r": 36.3509610939054,
  "m1_rouge-1_r": 36.3509610939054,
  "m2_rouge-1_r": 20.88255375817986,
  "min_rouge-2_f": 4.394752931593393,
  "avg_rouge-2_f": 7.681123958414125,
  "max_rouge-2_f": 10.967494985234858,
  "m1_rouge-2_f": 10.967494985234858,
  "m2_rouge-2_f": 4.394752931593393,
  "min_rouge-2_p": 5.563425653552021,
  "avg_rouge-2_p": 8.42876534438789,
  "max_rouge-2_p": 11.294105035223756,
  "m1_rouge-2_p": 11.294105035223756,
  "m2_rouge-2_p": 5.563425653552021,
  "min_rouge-2_r": 4.632551539445731,
  "avg_rouge-2_r": 8.896806545076112,
  "max_rouge-2_r": 13.161061550706492,
  "m1_rouge-2_r": 13.161061550706492,
  "m2_rouge-2_r": 4.632551539445731,
  "min_rouge-l_f": 19.204927428173455,
  "avg_rouge-l_f": 23.70103323261925,
  "max_rouge-l_f": 28.197139037065043,
  "m1_rouge-l_f": 28.197139037065043,
  "m2_rouge-l_f": 19.204927428173455,
  "min_rouge-l_p": 25.063792678293435,
  "avg_rouge-l_p": 28.16983481055445,
  "max_rouge-l_p": 31.275876942815465,
  "m1_rouge-l_p": 31.275876942815465,
  "m2_rouge-l_p": 25.063792678293435,
  "min_rouge-l_r": 18.601371732517762,
  "avg_rouge-l_r": 24.57564102564824,
  "max_rouge-l_r": 30.54991031877871,
  "m1_rouge-l_r": 30.54991031877871,
  "m2_rouge-l_r": 18.601371732517762
}