{
  "dist-3": 4.7771931708364646,
  "dist-4": 10.718546783468588,
  "bleu-4": 30.092672940727933,
  "f1": 74.30113440184303,
  "rouge-1_f": 19.701125253977768,
  "rouge-1_p": 44.81511488922796,
  "rouge-1_r": 14.171833749133116,
  "rouge-2_f": 4.889275139973274,
  "rouge-2_p": 11.344309535593194,
  "rouge-2_r": 3.661925052573884,
  "rouge-l_f": 17.994906807373976,
  "rouge-l_p": 41.52927194476466,
  "rouge-l_r": 12.86997723247646,
  "min_dist-3": 4.564574433125205,
  "avg_dist-3": 4.670883801980835,
  "max_dist-3": 4.7771931708364646,
  "m1_dist-3": 4.7771931708364646,
  "m2_dist-3": 4.564574433125205,
  "min_dist-4": 10.196607344539842,
  "avg_dist-4": 10.457577064004216,
  "max_dist-4": 10.718546783468588,
  "m1_dist-4": 10.718546783468588,
  "m2_dist-4": 10.196607344539842,
  "min_bleu-4": 28.60317891874366,
  "avg_bleu-4": 29.347925929735794,
  "max_bleu-4": 30.092672940727933,
  "m1_bleu-4": 30.092672940727933,
  "m2_bleu-4": 28.60317891874366,
  "min_f1": 73.25977847264265,
  "avg_f1": 73.78045643724283,
  "max_f1": 74.30113440184303,
  "m1_f1": 74.30113440184303,
  "m2_f1": 73.25977847264265,
  "min_rouge-1_f": 17.725371531739068,
  "avg_rouge-1_f": 18.713248392858418,
  "max_rouge-1_f": 19.701125253977768,
  "m1_rouge-1_f": 19.701125253977768,
  "m2_rouge-1_f": 17.725371531739068,
  "min_rouge-1_p": 40.1344029717295,
  "avg_rouge-1_p": 42.47475893047873,
  "max_rouge-1_p": 44.81511488922796,
  "m1_rouge-1_p": 44.81511488922796,
  "m2_rouge-1_p": 40.1344029717295,
  "min_rouge-1_r": 12.27081412869145,
  "avg_rouge-1_r": 13.221323938912283,
  "max_rouge-1_r": 14.171833749133116,
  "m1_rouge-1_r": 14.171833749133116,
  "m2_rouge-1_r": 12.27081412869145,
  "min_rouge-2_f": 3.1503966652345876,
  "avg_rouge-2_f": 4.019835902603931,
  "max_rouge-2_f": 4.889275139973274,
  "m1_rouge-2_f": 4.889275139973274,
  "m2_rouge-2_f": 3.1503966652345876,
  "min_rouge-2_p": 8.190289903762059,
  "avg_rouge-2_p": 9.767299719677627,
  "max_rouge-2_p": 11.344309535593194,
  "m1_rouge-2_p": 11.344309535593194,
  "m2_rouge-2_p": 8.190289903762059,
  "min_rouge-2_r": 2.164518823467012,
  "avg_rouge-2_r": 2.913221938020448,
  "max_rouge-2_r": 3.661925052573884,
  "m1_rouge-2_r": 3.661925052573884,
  "m2_rouge-2_r": 2.164518823467012,
  "min_rouge-l_f": 16.494004896326924,
  "avg_rouge-l_f": 17.24445585185045,
  "max_rouge-l_f": 17.994906807373976,
  "m1_rouge-l_f": 17.994906807373976,
  "m2_rouge-l_f": 16.494004896326924,
  "min_rouge-l_p": 37.6752090988683,
  "avg_rouge-l_p": 39.60224052181648,
  "max_rouge-l_p": 41.52927194476466,
  "m1_rouge-l_p": 41.52927194476466,
  "m2_rouge-l_p": 37.6752090988683,
  "min_rouge-l_r": 11.387448327895243,
  "avg_rouge-l_r": 12.12871278018585,
  "max_rouge-l_r": 12.86997723247646,
  "m1_rouge-l_r": 12.86997723247646,
  "m2_rouge-l_r": 11.387448327895243
}