{
  "dist-3": 5.601772736662222,
  "dist-4": 13.030157790370932,
  "bleu-4": 40.97342974099721,
  "f1": 77.15496920583801,
  "rouge-1_f": 33.35177641117585,
  "rouge-1_p": 40.77017591094025,
  "rouge-1_r": 35.424145970376415,
  "rouge-2_f": 19.26428557733435,
  "rouge-2_p": 23.740749982164825,
  "rouge-2_r": 20.321164075061414,
  "rouge-l_f": 31.584309667705572,
  "rouge-l_p": 38.42104287462154,
  "rouge-l_r": 33.6058125858841
}