{
  "dist-3": 4.564574433125205,
  "dist-4": 10.196607344539842,
  "bleu-4": 44.81816109344579,
  "f1": 76.5866026031822,
  "rouge-1_f": 43.177766509298905,
  "rouge-1_p": 45.6491541017759,
  "rouge-1_r": 47.0031583981743,
  "rouge-2_f": 27.188800176411224,
  "rouge-2_p": 28.80582948721361,
  "rouge-2_r": 30.546643332372668,
  "rouge-l_f": 42.31589891399269,
  "rouge-l_p": 44.58685321305546,
  "rouge-l_r": 46.15222209587961
}