{"precision": 0.07037037037034431, "recall": 0.0719696969696697, "F1": 0.07116104863911822}