{"precision": 0.00684931506848846, "recall": 0.004273504273502447, "F1": 0.005263157847415513}