{
  "em_acc_with_penalty": 0.041292041292041295,
  "token_f1_with_penalty": 0.06112882068211173
}