{
    "identification": {
        "precision": 0.11842105263152701,
        "recall": 0.1255813953487788,
        "f1": 0.12189616247820473
    },
    "classification": {
        "precision": 0.07456140350873923,
        "recall": 0.07906976744182369,
        "f1": 0.07674943561592262
    }
}