{"em_acc_with_penalty": 0.04995004995004995, "token_f1_with_penalty": 0.0877185721545714}
