{"em_acc_with_penalty": 0.023310023310023312, "token_f1_with_penalty": 0.08055222737984565}
