{"em_acc_with_penalty": 0.013362618122287477, "token_f1_with_penalty": 0.035117983341728304}
