{"em_acc_with_penalty": 0.0463821892393321, "token_f1_with_penalty": 0.08206565222368895}
