{"em_acc_with_penalty": 0.029970029970029975, "token_f1_with_penalty": 0.05751485675969362}
