{"em_acc_with_penalty": 0.04745254745254746, "token_f1_with_penalty": 0.08194359679776136}
