{"em_acc_with_penalty": 0.023628162286260038, "token_f1_with_penalty": 0.05113255518039586}
