{
  "dist-3": 8.286508026297595,
  "dist-4": 22.30234841048101,
  "bleu-4": 37.71714291246167,
  "f1": 65.10001085006158,
  "rouge-1_f": 31.94242746923736,
  "rouge-1_p": 30.772806881222245,
  "rouge-1_r": 38.70153518232587,
  "rouge-2_f": 10.75315752999485,
  "rouge-2_p": 10.245054734613884,
  "rouge-2_r": 14.28076044452961,
  "rouge-l_f": 27.514382802581427,
  "rouge-l_p": 26.539383416759865,
  "rouge-l_r": 33.44006546185217,
  "min_dist-3": 8.286508026297595,
  "avg_dist-3": 8.769539891862559,
  "max_dist-3": 9.252571757427523,
  "m1_dist-3": 8.286508026297595,
  "m2_dist-3": 9.252571757427523,
  "min_dist-4": 22.30234841048101,
  "avg_dist-4": 23.030108760176617,
  "max_dist-4": 23.75786910987222,
  "m1_dist-4": 22.30234841048101,
  "m2_dist-4": 23.75786910987222,
  "min_bleu-4": 31.393747669473584,
  "avg_bleu-4": 34.555445290967626,
  "max_bleu-4": 37.71714291246167,
  "m1_bleu-4": 37.71714291246167,
  "m2_bleu-4": 31.393747669473584,
  "min_f1": 57.41804229708508,
  "avg_f1": 61.25902657357333,
  "max_f1": 65.10001085006158,
  "m1_f1": 65.10001085006158,
  "m2_f1": 57.41804229708508,
  "min_rouge-1_f": 20.71778183374543,
  "avg_rouge-1_f": 26.330104651491396,
  "max_rouge-1_f": 31.94242746923736,
  "m1_rouge-1_f": 31.94242746923736,
  "m2_rouge-1_f": 20.71778183374543,
  "min_rouge-1_p": 21.87193755640316,
  "avg_rouge-1_p": 26.322372218812703,
  "max_rouge-1_p": 30.772806881222245,
  "m1_rouge-1_p": 30.772806881222245,
  "m2_rouge-1_p": 21.87193755640316,
  "min_rouge-1_r": 24.386724108944527,
  "avg_rouge-1_r": 31.5441296456352,
  "max_rouge-1_r": 38.70153518232587,
  "m1_rouge-1_r": 38.70153518232587,
  "m2_rouge-1_r": 24.386724108944527,
  "min_rouge-2_f": 4.841722616040049,
  "avg_rouge-2_f": 7.79744007301745,
  "max_rouge-2_f": 10.75315752999485,
  "m1_rouge-2_f": 10.75315752999485,
  "m2_rouge-2_f": 4.841722616040049,
  "min_rouge-2_p": 5.348272301081764,
  "avg_rouge-2_p": 7.796663517847824,
  "max_rouge-2_p": 10.245054734613884,
  "m1_rouge-2_p": 10.245054734613884,
  "m2_rouge-2_p": 5.348272301081764,
  "min_rouge-2_r": 5.878347232750246,
  "avg_rouge-2_r": 10.079553838639928,
  "max_rouge-2_r": 14.28076044452961,
  "m1_rouge-2_r": 14.28076044452961,
  "m2_rouge-2_r": 5.878347232750246,
  "min_rouge-l_f": 17.840974901142662,
  "avg_rouge-l_f": 22.677678851862044,
  "max_rouge-l_f": 27.514382802581427,
  "m1_rouge-l_f": 27.514382802581427,
  "m2_rouge-l_f": 17.840974901142662,
  "min_rouge-l_p": 18.88651797521007,
  "avg_rouge-l_p": 22.712950695984965,
  "max_rouge-l_p": 26.539383416759865,
  "m1_rouge-l_p": 26.539383416759865,
  "m2_rouge-l_p": 18.88651797521007,
  "min_rouge-l_r": 21.075570374094376,
  "avg_rouge-l_r": 27.257817917973274,
  "max_rouge-l_r": 33.44006546185217,
  "m1_rouge-l_r": 33.44006546185217,
  "m2_rouge-l_r": 21.075570374094376
}