{
  "dist-3": 6.799860495241891,
  "dist-4": 19.780175939039715,
  "bleu-4": 46.20096174726883,
  "f1": 72.41232811733444,
  "rouge-1_f": 29.872337260957888,
  "rouge-1_p": 33.0316202495457,
  "rouge-1_r": 31.56212181082484,
  "rouge-2_f": 8.548544363283444,
  "rouge-2_p": 9.406298227984395,
  "rouge-2_r": 9.309693541038923,
  "rouge-l_f": 27.013015895645943,
  "rouge-l_p": 30.152067636311088,
  "rouge-l_r": 28.51556391038062,
  "min_dist-3": 6.799860495241891,
  "avg_dist-3": 7.734257630275466,
  "max_dist-3": 8.668654765309041,
  "m1_dist-3": 6.799860495241891,
  "m2_dist-3": 8.668654765309041,
  "min_dist-4": 19.780175939039715,
  "avg_dist-4": 21.59929390320223,
  "max_dist-4": 23.418411867364746,
  "m1_dist-4": 19.780175939039715,
  "m2_dist-4": 23.418411867364746,
  "min_bleu-4": 33.66910148539958,
  "avg_bleu-4": 39.9350316163342,
  "max_bleu-4": 46.20096174726883,
  "m1_bleu-4": 46.20096174726883,
  "m2_bleu-4": 33.66910148539958,
  "min_f1": 60.44338870920285,
  "avg_f1": 66.42785841326864,
  "max_f1": 72.41232811733444,
  "m1_f1": 72.41232811733444,
  "m2_f1": 60.44338870920285,
  "min_rouge-1_f": 20.274022820445634,
  "avg_rouge-1_f": 25.07318004070176,
  "max_rouge-1_f": 29.872337260957888,
  "m1_rouge-1_f": 29.872337260957888,
  "m2_rouge-1_f": 20.274022820445634,
  "min_rouge-1_p": 27.649612653525104,
  "avg_rouge-1_p": 30.340616451535404,
  "max_rouge-1_p": 33.0316202495457,
  "m1_rouge-1_p": 33.0316202495457,
  "m2_rouge-1_p": 27.649612653525104,
  "min_rouge-1_r": 19.3693809216373,
  "avg_rouge-1_r": 25.46575136623107,
  "max_rouge-1_r": 31.56212181082484,
  "m1_rouge-1_r": 31.56212181082484,
  "m2_rouge-1_r": 19.3693809216373,
  "min_rouge-2_f": 3.0604451440238187,
  "avg_rouge-2_f": 5.804494753653631,
  "max_rouge-2_f": 8.548544363283444,
  "m1_rouge-2_f": 8.548544363283444,
  "m2_rouge-2_f": 3.0604451440238187,
  "min_rouge-2_p": 4.311715738480017,
  "avg_rouge-2_p": 6.859006983232206,
  "max_rouge-2_p": 9.406298227984395,
  "m1_rouge-2_p": 9.406298227984395,
  "m2_rouge-2_p": 4.311715738480017,
  "min_rouge-2_r": 3.007769581249914,
  "avg_rouge-2_r": 6.158731561144418,
  "max_rouge-2_r": 9.309693541038923,
  "m1_rouge-2_r": 9.309693541038923,
  "m2_rouge-2_r": 3.007769581249914,
  "min_rouge-l_f": 17.80479460362987,
  "avg_rouge-l_f": 22.408905249637904,
  "max_rouge-l_f": 27.013015895645943,
  "m1_rouge-l_f": 27.013015895645943,
  "m2_rouge-l_f": 17.80479460362987,
  "min_rouge-l_p": 24.71259654513218,
  "avg_rouge-l_p": 27.432332090721633,
  "max_rouge-l_p": 30.152067636311088,
  "m1_rouge-l_p": 30.152067636311088,
  "m2_rouge-l_p": 24.71259654513218,
  "min_rouge-l_r": 16.902090846692275,
  "avg_rouge-l_r": 22.708827378536448,
  "max_rouge-l_r": 28.51556391038062,
  "m1_rouge-l_r": 28.51556391038062,
  "m2_rouge-l_r": 16.902090846692275
}