{
  "dist-3": 9.429684837529079,
  "dist-4": 24.102784742518878,
  "bleu-4": 38.07159456082591,
  "f1": 61.4912809763446,
  "rouge-1_f": 19.72309663525411,
  "rouge-1_p": 23.455180597958922,
  "rouge-1_r": 22.142201628269795,
  "rouge-2_f": 4.199846596814247,
  "rouge-2_p": 5.456074954647581,
  "rouge-2_r": 4.805909293105538,
  "rouge-l_f": 17.027623579427544,
  "rouge-l_p": 20.303917147547825,
  "rouge-l_r": 19.06980719130673
}