{
  "dist-3": 8.794198914400326,
  "dist-4": 23.69322809875572,
  "bleu-4": 29.026656925846638,
  "f1": 56.08492173939014,
  "rouge-1_f": 17.514432234815192,
  "rouge-1_p": 25.83727647770921,
  "rouge-1_r": 18.90875364800985,
  "rouge-2_f": 2.5712582105000874,
  "rouge-2_p": 4.353713856836975,
  "rouge-2_r": 3.2629332964188973,
  "rouge-l_f": 15.39959090820969,
  "rouge-l_p": 22.983309129119444,
  "rouge-l_r": 16.8084534578626
}