{
    "P": 0.03009259259259027,
    "R": 0.0300230946882194,
    "F1": 0.030057803418205842
}