{"precision": 0.04932735426006757, "recall": 0.06145251396644612, "F1": 0.054726368109775755}