{"precision": 0.12272727272721695, "recall": 0.10227272727268853, "F1": 0.1115702478842514}