{
  "em_acc_with_penalty": 0.059940059940059943,
  "token_f1_with_penalty": 0.12075187964229403
}