{
    "identification": {
        "precision": 0.2804878048777067,
        "recall": 0.10697674418599676,
        "f1": 0.15488215484207735
    },
    "classification": {
        "precision": 0.14634146341445567,
        "recall": 0.055813953488346134,
        "f1": 0.08080808076805314
    }
}