{
    "temporal": {
        "precision": 0.1071428571424745,
        "recall": 0.03448275862065002,
        "f1-score": 0.0521739130065482
    },
    "causal": {
        "precision": 0.24999999999895836,
        "recall": 0.2999999999985,
        "f1-score": 0.2727272726764463
    },
    "subevent": {
        "precision": 0.22222222221975307,
        "recall": 0.199999999998,
        "f1-score": 0.2105263157373961
    },
    "coreference": {
        "precision": 0.249999999996875,
        "recall": 0.199999999998,
        "f1-score": 0.22222222217037035
    }
}