{"em_acc_with_penalty": 0.009891099000009892, "token_f1_with_penalty": 0.05151721937069917}
