{
    "P": 0.015091342335185456,
    "R": 0.01172839506172767,
    "F1": 0.013199027390868586
}