{
  "em_acc_with_penalty": 0.02038777548981631,
  "token_f1_with_penalty": 0.04908842128355027
}