{"em_acc_with_penalty": 0.03246753246753248, "token_f1_with_penalty": 0.08368500736527952}
