{"em_acc_with_penalty": 0.033300033300033303, "token_f1_with_penalty": 0.07835021001437047}
