{
  "dist-3": 6.262045646661031,
  "dist-4": 15.160780774004287,
  "bleu-4": 31.326484916462444,
  "f1": 66.52584928939315,
  "rouge-1_f": 22.50705637147664,
  "rouge-1_p": 20.68701912504151,
  "rouge-1_r": 27.805463989203943,
  "rouge-2_f": 5.942243795263944,
  "rouge-2_p": 5.420963073605435,
  "rouge-2_r": 8.146305969078979,
  "rouge-l_f": 19.969795558841163,
  "rouge-l_p": 18.335337442425196,
  "rouge-l_r": 24.70231801940419,
  "min_dist-3": 6.044224151214752,
  "avg_dist-3": 6.153134898937891,
  "max_dist-3": 6.262045646661031,
  "m1_dist-3": 6.262045646661031,
  "m2_dist-3": 6.044224151214752,
  "min_dist-4": 14.242552808526504,
  "avg_dist-4": 14.701666791265396,
  "max_dist-4": 15.160780774004287,
  "m1_dist-4": 15.160780774004287,
  "m2_dist-4": 14.242552808526504,
  "min_bleu-4": 31.273397992978673,
  "avg_bleu-4": 31.29994145472056,
  "max_bleu-4": 31.326484916462444,
  "m1_bleu-4": 31.326484916462444,
  "m2_bleu-4": 31.273397992978673,
  "min_f1": 66.52584928939315,
  "avg_f1": 69.15312613376582,
  "max_f1": 71.78040297813851,
  "m1_f1": 66.52584928939315,
  "m2_f1": 71.78040297813851,
  "min_rouge-1_f": 17.586685490542678,
  "avg_rouge-1_f": 20.046870931009657,
  "max_rouge-1_f": 22.50705637147664,
  "m1_rouge-1_f": 22.50705637147664,
  "m2_rouge-1_f": 17.586685490542678,
  "min_rouge-1_p": 16.022225983332145,
  "avg_rouge-1_p": 18.354622554186825,
  "max_rouge-1_p": 20.68701912504151,
  "m1_rouge-1_p": 20.68701912504151,
  "m2_rouge-1_p": 16.022225983332145,
  "min_rouge-1_r": 20.868888665892616,
  "avg_rouge-1_r": 24.337176327548278,
  "max_rouge-1_r": 27.805463989203943,
  "m1_rouge-1_r": 27.805463989203943,
  "m2_rouge-1_r": 20.868888665892616,
  "min_rouge-2_f": 2.4142723919581544,
  "avg_rouge-2_f": 4.178258093611049,
  "max_rouge-2_f": 5.942243795263944,
  "m1_rouge-2_f": 5.942243795263944,
  "m2_rouge-2_f": 2.4142723919581544,
  "min_rouge-2_p": 2.1709223288125514,
  "avg_rouge-2_p": 3.7959427012089932,
  "max_rouge-2_p": 5.420963073605435,
  "m1_rouge-2_p": 5.420963073605435,
  "m2_rouge-2_p": 2.1709223288125514,
  "min_rouge-2_r": 2.976963389656122,
  "avg_rouge-2_r": 5.56163467936755,
  "max_rouge-2_r": 8.146305969078979,
  "m1_rouge-2_r": 8.146305969078979,
  "m2_rouge-2_r": 2.976963389656122,
  "min_rouge-l_f": 15.397563701935207,
  "avg_rouge-l_f": 17.683679630388184,
  "max_rouge-l_f": 19.969795558841163,
  "m1_rouge-l_f": 19.969795558841163,
  "m2_rouge-l_f": 15.397563701935207,
  "min_rouge-l_p": 14.031975530409937,
  "avg_rouge-l_p": 16.18365648641757,
  "max_rouge-l_p": 18.335337442425196,
  "m1_rouge-l_p": 18.335337442425196,
  "m2_rouge-l_p": 14.031975530409937,
  "min_rouge-l_r": 18.28831447142737,
  "avg_rouge-l_r": 21.49531624541578,
  "max_rouge-l_r": 24.70231801940419,
  "m1_rouge-l_r": 24.70231801940419,
  "m2_rouge-l_r": 18.28831447142737
}