{
  "dist-3": 5.296619705630824,
  "dist-4": 12.837236547148345,
  "bleu-4": 38.792660001778806,
  "f1": 78.72343761763456,
  "rouge-1_f": 19.20151561539885,
  "rouge-1_p": 23.192149280258445,
  "rouge-1_r": 17.378647469654716,
  "rouge-2_f": 3.9886473660605737,
  "rouge-2_p": 4.920471348535952,
  "rouge-2_r": 3.5906472647215417,
  "rouge-l_f": 17.70819663879542,
  "rouge-l_p": 21.42394763083543,
  "rouge-l_r": 16.029504482977977,
  "min_dist-3": 4.269879871439221,
  "avg_dist-3": 4.783249788535022,
  "max_dist-3": 5.296619705630824,
  "m1_dist-3": 5.296619705630824,
  "m2_dist-3": 4.269879871439221,
  "min_dist-4": 9.682629016076541,
  "avg_dist-4": 11.259932781612443,
  "max_dist-4": 12.837236547148345,
  "m1_dist-4": 12.837236547148345,
  "m2_dist-4": 9.682629016076541,
  "min_bleu-4": 36.04333292604721,
  "avg_bleu-4": 37.41799646391301,
  "max_bleu-4": 38.792660001778806,
  "m1_bleu-4": 38.792660001778806,
  "m2_bleu-4": 36.04333292604721,
  "min_f1": 78.72343761763456,
  "avg_f1": 78.80754090418105,
  "max_f1": 78.89164419072755,
  "m1_f1": 78.72343761763456,
  "m2_f1": 78.89164419072755,
  "min_rouge-1_f": 16.3009768793992,
  "avg_rouge-1_f": 17.751246247399024,
  "max_rouge-1_f": 19.20151561539885,
  "m1_rouge-1_f": 19.20151561539885,
  "m2_rouge-1_f": 16.3009768793992,
  "min_rouge-1_p": 19.09617939916089,
  "avg_rouge-1_p": 21.14416433970967,
  "max_rouge-1_p": 23.192149280258445,
  "m1_rouge-1_p": 23.192149280258445,
  "m2_rouge-1_p": 19.09617939916089,
  "min_rouge-1_r": 14.760796618668337,
  "avg_rouge-1_r": 16.069722044161526,
  "max_rouge-1_r": 17.378647469654716,
  "m1_rouge-1_r": 17.378647469654716,
  "m2_rouge-1_r": 14.760796618668337,
  "min_rouge-2_f": 1.5021317409164836,
  "avg_rouge-2_f": 2.7453895534885286,
  "max_rouge-2_f": 3.9886473660605737,
  "m1_rouge-2_f": 3.9886473660605737,
  "m2_rouge-2_f": 1.5021317409164836,
  "min_rouge-2_p": 1.7714946377422334,
  "avg_rouge-2_p": 3.345982993139093,
  "max_rouge-2_p": 4.920471348535952,
  "m1_rouge-2_p": 4.920471348535952,
  "m2_rouge-2_p": 1.7714946377422334,
  "min_rouge-2_r": 1.3636993180111348,
  "avg_rouge-2_r": 2.4771732913663382,
  "max_rouge-2_r": 3.5906472647215417,
  "m1_rouge-2_r": 3.5906472647215417,
  "m2_rouge-2_r": 1.3636993180111348,
  "min_rouge-l_f": 14.939654213846426,
  "avg_rouge-l_f": 16.323925426320923,
  "max_rouge-l_f": 17.70819663879542,
  "m1_rouge-l_f": 17.70819663879542,
  "m2_rouge-l_f": 14.939654213846426,
  "min_rouge-l_p": 17.523878499666885,
  "avg_rouge-l_p": 19.473913065251157,
  "max_rouge-l_p": 21.42394763083543,
  "m1_rouge-l_p": 21.42394763083543,
  "m2_rouge-l_p": 17.523878499666885,
  "min_rouge-l_r": 13.512614560399234,
  "avg_rouge-l_r": 14.771059521688606,
  "max_rouge-l_r": 16.029504482977977,
  "m1_rouge-l_r": 16.029504482977977,
  "m2_rouge-l_r": 13.512614560399234
}