{
  "dist-3": 6.044224151214752,
  "dist-4": 14.242552808526504,
  "bleu-4": 51.25752079495013,
  "f1": 78.64043959123305,
  "rouge-1_f": 38.67072251623447,
  "rouge-1_p": 41.24952506212759,
  "rouge-1_r": 38.71248302099579,
  "rouge-2_f": 20.438572098006507,
  "rouge-2_p": 22.397588704065807,
  "rouge-2_r": 20.029825150071897,
  "rouge-l_f": 35.3486022304896,
  "rouge-l_p": 37.674405960638595,
  "rouge-l_r": 35.44377779843486
}