{
  "dist-3": 4.269879871439221,
  "dist-4": 9.682629016076541,
  "bleu-4": 48.28070975608264,
  "f1": 78.72544842283567,
  "rouge-1_f": 32.74119862410641,
  "rouge-1_p": 33.73456905770356,
  "rouge-1_r": 33.79750270582896,
  "rouge-2_f": 16.014067177903204,
  "rouge-2_p": 16.827479110094608,
  "rouge-2_r": 16.079684470029562,
  "rouge-l_f": 31.118723767026843,
  "rouge-l_p": 32.05293844013097,
  "rouge-l_r": 32.119981178237374
}