{
  "em_acc_with_penalty": 0.009990009990009992,
  "token_f1_with_penalty": 0.031694374979708534
}