{
  "em_acc_with_penalty": 0.019980019980019983,
  "token_f1_with_penalty": 0.03322582690693263
}