{
    "temporal": {
        "precision": 0.01234567901233806,
        "recall": 0.022988505747100013,
        "f1-score": 0.016064256982635763
    },
    "causal": {
        "precision": 0.0,
        "recall": 0.0,
        "f1-score": 0.0
    },
    "subevent": {
        "precision": 0.0,
        "recall": 0.0,
        "f1-score": 0.0
    },
    "coreference": {
        "precision": 0.0,
        "recall": 0.0,
        "f1-score": 0.0
    }
}