{"em_acc_with_penalty": 0.03956439600003957, "token_f1_with_penalty": 0.06243032825417766}
