{
  "em_acc_with_penalty": 0.000769166672008102,
  "token_f1_with_penalty": 0.004732115605735072
}