{
  "dist-3": 4.9786891763204855,
  "dist-4": 11.881627894064737,
  "bleu-4": 24.146688935285336,
  "f1": 58.35554132777864,
  "rouge-1_f": 30.339802724601476,
  "rouge-1_p": 38.92054047001434,
  "rouge-1_r": 29.41215612740741,
  "rouge-2_f": 10.24389350816097,
  "rouge-2_p": 12.390522652530706,
  "rouge-2_r": 10.78804552233648,
  "rouge-l_f": 26.4982691956008,
  "rouge-l_p": 33.99116571822845,
  "rouge-l_r": 25.669247078251555,
  "min_dist-3": 4.9786891763204855,
  "avg_dist-3": 5.007052828095686,
  "max_dist-3": 5.035416479870887,
  "m1_dist-3": 4.9786891763204855,
  "m2_dist-3": 5.035416479870887,
  "min_dist-4": 11.881627894064737,
  "avg_dist-4": 11.924571294364895,
  "max_dist-4": 11.967514694665052,
  "m1_dist-4": 11.881627894064737,
  "m2_dist-4": 11.967514694665052,
  "min_bleu-4": 22.670208516672293,
  "avg_bleu-4": 23.408448725978815,
  "max_bleu-4": 24.146688935285336,
  "m1_bleu-4": 24.146688935285336,
  "m2_bleu-4": 22.670208516672293,
  "min_f1": 57.552287560913285,
  "avg_f1": 57.95391444434596,
  "max_f1": 58.35554132777864,
  "m1_f1": 58.35554132777864,
  "m2_f1": 57.552287560913285,
  "min_rouge-1_f": 24.704430124578973,
  "avg_rouge-1_f": 27.522116424590223,
  "max_rouge-1_f": 30.339802724601476,
  "m1_rouge-1_f": 30.339802724601476,
  "m2_rouge-1_f": 24.704430124578973,
  "min_rouge-1_p": 31.088376650802783,
  "avg_rouge-1_p": 35.00445856040856,
  "max_rouge-1_p": 38.92054047001434,
  "m1_rouge-1_p": 38.92054047001434,
  "m2_rouge-1_p": 31.088376650802783,
  "min_rouge-1_r": 23.829616288051362,
  "avg_rouge-1_r": 26.620886207729384,
  "max_rouge-1_r": 29.41215612740741,
  "m1_rouge-1_r": 29.41215612740741,
  "m2_rouge-1_r": 23.829616288051362,
  "min_rouge-2_f": 6.198457536215338,
  "avg_rouge-2_f": 8.221175522188155,
  "max_rouge-2_f": 10.24389350816097,
  "m1_rouge-2_f": 10.24389350816097,
  "m2_rouge-2_f": 6.198457536215338,
  "min_rouge-2_p": 7.069776114693605,
  "avg_rouge-2_p": 9.730149383612154,
  "max_rouge-2_p": 12.390522652530706,
  "m1_rouge-2_p": 12.390522652530706,
  "m2_rouge-2_p": 7.069776114693605,
  "min_rouge-2_r": 6.602440000401354,
  "avg_rouge-2_r": 8.695242761368917,
  "max_rouge-2_r": 10.78804552233648,
  "m1_rouge-2_r": 10.78804552233648,
  "m2_rouge-2_r": 6.602440000401354,
  "min_rouge-l_f": 22.101939315813933,
  "avg_rouge-l_f": 24.300104255707367,
  "max_rouge-l_f": 26.4982691956008,
  "m1_rouge-l_f": 26.4982691956008,
  "m2_rouge-l_f": 22.101939315813933,
  "min_rouge-l_p": 27.623093379265317,
  "avg_rouge-l_p": 30.807129548746886,
  "max_rouge-l_p": 33.99116571822845,
  "m1_rouge-l_p": 33.99116571822845,
  "m2_rouge-l_p": 27.623093379265317,
  "min_rouge-l_r": 21.443955103450914,
  "avg_rouge-l_r": 23.556601090851235,
  "max_rouge-l_r": 25.669247078251555,
  "m1_rouge-l_r": 25.669247078251555,
  "m2_rouge-l_r": 21.443955103450914
}