{
  "dist-3": 4.099155699578952,
  "dist-4": 9.237253538997937,
  "bleu-4": 31.65359005630642,
  "f1": 73.72556464744426,
  "rouge-1_f": 20.744897575380246,
  "rouge-1_p": 49.01277252279807,
  "rouge-1_r": 14.511439634047033,
  "rouge-2_f": 5.300352125264625,
  "rouge-2_p": 13.149701111163445,
  "rouge-2_r": 3.811824003319736,
  "rouge-l_f": 18.94818274788848,
  "rouge-l_p": 45.44965403711225,
  "rouge-l_r": 13.202912064625496,
  "min_dist-3": 4.099155699578952,
  "avg_dist-3": 4.334060608410166,
  "max_dist-3": 4.568965517241379,
  "m1_dist-3": 4.099155699578952,
  "m2_dist-3": 4.568965517241379,
  "min_dist-4": 9.237253538997937,
  "avg_dist-4": 9.708351069184767,
  "max_dist-4": 10.179448599371597,
  "m1_dist-4": 9.237253538997937,
  "m2_dist-4": 10.179448599371597,
  "min_bleu-4": 30.597679658397066,
  "avg_bleu-4": 31.12563485735174,
  "max_bleu-4": 31.65359005630642,
  "m1_bleu-4": 31.65359005630642,
  "m2_bleu-4": 30.597679658397066,
  "min_f1": 72.72453095541911,
  "avg_f1": 73.22504780143169,
  "max_f1": 73.72556464744426,
  "m1_f1": 73.72556464744426,
  "m2_f1": 72.72453095541911,
  "min_rouge-1_f": 18.87839518121526,
  "avg_rouge-1_f": 19.811646378297752,
  "max_rouge-1_f": 20.744897575380246,
  "m1_rouge-1_f": 20.744897575380246,
  "m2_rouge-1_f": 18.87839518121526,
  "min_rouge-1_p": 42.31060590770684,
  "avg_rouge-1_p": 45.66168921525245,
  "max_rouge-1_p": 49.01277252279807,
  "m1_rouge-1_p": 49.01277252279807,
  "m2_rouge-1_p": 42.31060590770684,
  "min_rouge-1_r": 13.33826715621031,
  "avg_rouge-1_r": 13.924853395128672,
  "max_rouge-1_r": 14.511439634047033,
  "m1_rouge-1_r": 14.511439634047033,
  "m2_rouge-1_r": 13.33826715621031,
  "min_rouge-2_f": 3.998530543161354,
  "avg_rouge-2_f": 4.649441334212989,
  "max_rouge-2_f": 5.300352125264625,
  "m1_rouge-2_f": 5.300352125264625,
  "m2_rouge-2_f": 3.998530543161354,
  "min_rouge-2_p": 9.744477513996912,
  "avg_rouge-2_p": 11.447089312580179,
  "max_rouge-2_p": 13.149701111163445,
  "m1_rouge-2_p": 13.149701111163445,
  "m2_rouge-2_p": 9.744477513996912,
  "min_rouge-2_r": 2.8084222557287806,
  "avg_rouge-2_r": 3.3101231295242584,
  "max_rouge-2_r": 3.811824003319736,
  "m1_rouge-2_r": 3.811824003319736,
  "m2_rouge-2_r": 2.8084222557287806,
  "min_rouge-l_f": 17.393330615370374,
  "avg_rouge-l_f": 18.170756681629427,
  "max_rouge-l_f": 18.94818274788848,
  "m1_rouge-l_f": 18.94818274788848,
  "m2_rouge-l_f": 17.393330615370374,
  "min_rouge-l_p": 39.713996469420195,
  "avg_rouge-l_p": 42.581825253266224,
  "max_rouge-l_p": 45.44965403711225,
  "m1_rouge-l_p": 45.44965403711225,
  "m2_rouge-l_p": 39.713996469420195,
  "min_rouge-l_r": 12.16688473602585,
  "avg_rouge-l_r": 12.684898400325672,
  "max_rouge-l_r": 13.202912064625496,
  "m1_rouge-l_r": 13.202912064625496,
  "m2_rouge-l_r": 12.16688473602585
}