{
  "dist-3": 5.035416479870887,
  "dist-4": 11.967514694665052,
  "bleu-4": 49.824500478509826,
  "f1": 80.49958590975662,
  "rouge-1_f": 43.936924905005704,
  "rouge-1_p": 46.91254466483001,
  "rouge-1_r": 48.5946944009356,
  "rouge-2_f": 29.07117479678526,
  "rouge-2_p": 30.33792738268801,
  "rouge-2_r": 32.01537412271705,
  "rouge-l_f": 42.04959813023183,
  "rouge-l_p": 44.72410461504712,
  "rouge-l_r": 46.3850670235152
}