{
  "dist-3": 4.568965517241379,
  "dist-4": 10.179448599371597,
  "bleu-4": 43.30064749643904,
  "f1": 77.15121105248457,
  "rouge-1_f": 42.81707538590408,
  "rouge-1_p": 45.224330048418665,
  "rouge-1_r": 48.893495978028994,
  "rouge-2_f": 25.527830590224273,
  "rouge-2_p": 27.498502027551456,
  "rouge-2_r": 29.596904122708203,
  "rouge-l_f": 41.7403568763131,
  "rouge-l_p": 44.15236576218242,
  "rouge-l_r": 47.64451265840446
}