{"precision": 0.020408163265300174, "recall": 0.026515151515141472, "F1": 0.023064250362700944}