{"precision": 0.007490636704117045, "recall": 0.011173184357535658, "F1": 0.00896860981741338}