{"precision": 0.010169491525420281, "recall": 0.012820512820507342, "F1": 0.01134215496011235}