{
    "identification": {
        "precision": 0.5217391304325142,
        "recall": 0.055813953488346134,
        "f1": 0.10084033611690911
    },
    "classification": {
        "precision": 0.17391304347750475,
        "recall": 0.018604651162782045,
        "f1": 0.03361344536066309
    }
}