{"em_acc_with_penalty": 0.005940611001383096, "token_f1_with_penalty": 0.028528962180594832}
