{"em_acc_with_penalty": 0.0026092302250259576, "token_f1_with_penalty": 0.02092918286611309}
