{
  "dist-3": 3.892396084551,
  "dist-4": 8.695613591388689,
  "bleu-4": 21.475815696721646,
  "f1": 56.63983740708919,
  "rouge-1_f": 29.10529969532809,
  "rouge-1_p": 42.17116686404507,
  "rouge-1_r": 25.035676835992735,
  "rouge-2_f": 9.117458797499733,
  "rouge-2_p": 13.621088453723711,
  "rouge-2_r": 8.219938483020487,
  "rouge-l_f": 25.39872488153513,
  "rouge-l_p": 37.0126891188039,
  "rouge-l_r": 21.836045678340646,
  "min_dist-3": 3.6987358518300746,
  "avg_dist-3": 3.7955659681905374,
  "max_dist-3": 3.892396084551,
  "m1_dist-3": 3.892396084551,
  "m2_dist-3": 3.6987358518300746,
  "min_dist-4": 7.948286484051015,
  "avg_dist-4": 8.321950037719851,
  "max_dist-4": 8.695613591388689,
  "m1_dist-4": 8.695613591388689,
  "m2_dist-4": 7.948286484051015,
  "min_bleu-4": 18.810448361752506,
  "avg_bleu-4": 20.143132029237076,
  "max_bleu-4": 21.475815696721646,
  "m1_bleu-4": 21.475815696721646,
  "m2_bleu-4": 18.810448361752506,
  "min_f1": 56.4934703497339,
  "avg_f1": 56.56665387841154,
  "max_f1": 56.63983740708919,
  "m1_f1": 56.63983740708919,
  "m2_f1": 56.4934703497339,
  "min_rouge-1_f": 22.18782457622358,
  "avg_rouge-1_f": 25.646562135775834,
  "max_rouge-1_f": 29.10529969532809,
  "m1_rouge-1_f": 29.10529969532809,
  "m2_rouge-1_f": 22.18782457622358,
  "min_rouge-1_p": 35.483107369891194,
  "avg_rouge-1_p": 38.82713711696813,
  "max_rouge-1_p": 42.17116686404507,
  "m1_rouge-1_p": 42.17116686404507,
  "m2_rouge-1_p": 35.483107369891194,
  "min_rouge-1_r": 17.78044659360985,
  "avg_rouge-1_r": 21.408061714801292,
  "max_rouge-1_r": 25.035676835992735,
  "m1_rouge-1_r": 25.035676835992735,
  "m2_rouge-1_r": 17.78044659360985,
  "min_rouge-2_f": 4.843376555466619,
  "avg_rouge-2_f": 6.980417676483176,
  "max_rouge-2_f": 9.117458797499733,
  "m1_rouge-2_f": 9.117458797499733,
  "m2_rouge-2_f": 4.843376555466619,
  "min_rouge-2_p": 7.638875314351685,
  "avg_rouge-2_p": 10.629981884037697,
  "max_rouge-2_p": 13.621088453723711,
  "m1_rouge-2_p": 13.621088453723711,
  "m2_rouge-2_p": 7.638875314351685,
  "min_rouge-2_r": 4.0180464112800145,
  "avg_rouge-2_r": 6.118992447150251,
  "max_rouge-2_r": 8.219938483020487,
  "m1_rouge-2_r": 8.219938483020487,
  "m2_rouge-2_r": 4.0180464112800145,
  "min_rouge-l_f": 19.48766657544622,
  "avg_rouge-l_f": 22.443195728490675,
  "max_rouge-l_f": 25.39872488153513,
  "m1_rouge-l_f": 25.39872488153513,
  "m2_rouge-l_f": 19.48766657544622,
  "min_rouge-l_p": 31.387117756841832,
  "avg_rouge-l_p": 34.19990343782287,
  "max_rouge-l_p": 37.0126891188039,
  "m1_rouge-l_p": 37.0126891188039,
  "m2_rouge-l_p": 31.387117756841832,
  "min_rouge-l_r": 15.594181390922977,
  "avg_rouge-l_r": 18.71511353463181,
  "max_rouge-l_r": 21.836045678340646,
  "m1_rouge-l_r": 21.836045678340646,
  "m2_rouge-l_r": 15.594181390922977
}