{
  "dist-3": 4.048398458542245,
  "dist-4": 9.303483102958408,
  "bleu-4": 30.42972676992075,
  "f1": 75.42600455970363,
  "rouge-1_f": 21.265423631634874,
  "rouge-1_p": 52.51988556863635,
  "rouge-1_r": 14.815201718445397,
  "rouge-2_f": 5.930394363854328,
  "rouge-2_p": 15.190607759443916,
  "rouge-2_r": 4.2381834070711495,
  "rouge-l_f": 19.539141684996675,
  "rouge-l_p": 49.159923164997224,
  "rouge-l_r": 13.512507077636268,
  "min_dist-3": 3.6669042044182025,
  "avg_dist-3": 3.8576513314802234,
  "max_dist-3": 4.048398458542245,
  "m1_dist-3": 4.048398458542245,
  "m2_dist-3": 3.6669042044182025,
  "min_dist-4": 8.227441789371785,
  "avg_dist-4": 8.765462446165095,
  "max_dist-4": 9.303483102958408,
  "m1_dist-4": 9.303483102958408,
  "m2_dist-4": 8.227441789371785,
  "min_bleu-4": 27.2743289786062,
  "avg_bleu-4": 28.852027874263477,
  "max_bleu-4": 30.42972676992075,
  "m1_bleu-4": 30.42972676992075,
  "m2_bleu-4": 27.2743289786062,
  "min_f1": 73.91653068201481,
  "avg_f1": 74.67126762085923,
  "max_f1": 75.42600455970363,
  "m1_f1": 75.42600455970363,
  "m2_f1": 73.91653068201481,
  "min_rouge-1_f": 17.703797047413214,
  "avg_rouge-1_f": 19.484610339524046,
  "max_rouge-1_f": 21.265423631634874,
  "m1_rouge-1_f": 21.265423631634874,
  "m2_rouge-1_f": 17.703797047413214,
  "min_rouge-1_p": 47.644262818134884,
  "avg_rouge-1_p": 50.082074193385616,
  "max_rouge-1_p": 52.51988556863635,
  "m1_rouge-1_p": 52.51988556863635,
  "m2_rouge-1_p": 47.644262818134884,
  "min_rouge-1_r": 12.066070648062317,
  "avg_rouge-1_r": 13.440636183253858,
  "max_rouge-1_r": 14.815201718445397,
  "m1_rouge-1_r": 14.815201718445397,
  "m2_rouge-1_r": 12.066070648062317,
  "min_rouge-2_f": 3.5951683697494405,
  "avg_rouge-2_f": 4.762781366801884,
  "max_rouge-2_f": 5.930394363854328,
  "m1_rouge-2_f": 5.930394363854328,
  "m2_rouge-2_f": 3.5951683697494405,
  "min_rouge-2_p": 11.70121775836066,
  "avg_rouge-2_p": 13.445912758902288,
  "max_rouge-2_p": 15.190607759443916,
  "m1_rouge-2_p": 15.190607759443916,
  "m2_rouge-2_p": 11.70121775836066,
  "min_rouge-2_r": 2.424739472997732,
  "avg_rouge-2_r": 3.331461440034441,
  "max_rouge-2_r": 4.2381834070711495,
  "m1_rouge-2_r": 4.2381834070711495,
  "m2_rouge-2_r": 2.424739472997732,
  "min_rouge-l_f": 16.36962991438385,
  "avg_rouge-l_f": 17.954385799690264,
  "max_rouge-l_f": 19.539141684996675,
  "m1_rouge-l_f": 19.539141684996675,
  "m2_rouge-l_f": 16.36962991438385,
  "min_rouge-l_p": 44.40341026495486,
  "avg_rouge-l_p": 46.78166671497604,
  "max_rouge-l_p": 49.159923164997224,
  "m1_rouge-l_p": 49.159923164997224,
  "m2_rouge-l_p": 44.40341026495486,
  "min_rouge-l_r": 11.116018715225119,
  "avg_rouge-l_r": 12.314262896430694,
  "max_rouge-l_r": 13.512507077636268,
  "m1_rouge-l_r": 13.512507077636268,
  "m2_rouge-l_r": 11.116018715225119
}