{
  "dist-3": 3.6987358518300746,
  "dist-4": 7.948286484051015,
  "bleu-4": 49.31821965721263,
  "f1": 80.0866420360729,
  "rouge-1_f": 46.46924191467706,
  "rouge-1_p": 53.05398975383252,
  "rouge-1_r": 46.50474195875226,
  "rouge-2_f": 29.203248573326672,
  "rouge-2_p": 34.248551814333986,
  "rouge-2_r": 29.287808815557124,
  "rouge-l_f": 44.64367487260822,
  "rouge-l_p": 50.979194305732506,
  "rouge-l_r": 44.65437002127537
}