{
  "dist-3": 3.6669042044182025,
  "dist-4": 8.227441789371785,
  "bleu-4": 45.87042649716752,
  "f1": 78.6984234301974,
  "rouge-1_f": 45.5074746763706,
  "rouge-1_p": 51.489448741382525,
  "rouge-1_r": 48.36849021760701,
  "rouge-2_f": 29.83319199666849,
  "rouge-2_p": 34.28164304929065,
  "rouge-2_r": 31.939681237969623,
  "rouge-l_f": 44.26550460934455,
  "rouge-l_p": 49.88523001961003,
  "rouge-l_r": 47.02320446143845
}