{
    "P": 0.009799918334013483,
    "R": 0.018475750577365783,
    "F1": 0.012806830264204956
}