{"precision": 0.018633540372659234, "recall": 0.012820512820507342, "F1": 0.015189873369421568}