{"precision": 0.049645390070904384, "recall": 0.053030303030282944, "F1": 0.05128205123208685}