{"precision": 0.031941031941024094, "recall": 0.07262569832398177, "F1": 0.04436860064014782}