{
  "em_acc_with_penalty": 0.06993006993006994,
  "token_f1_with_penalty": 0.11183990497934108
}