{
  "em_acc_with_penalty": 0.03805718091432377,
  "token_f1_with_penalty": 0.05464906715018704
}