{
    "identification": {
        "precision": 0.30645161290273154,
        "recall": 0.08837209302321472,
        "f1": 0.137184115488621
    },
    "classification": {
        "precision": 0.12903225806430801,
        "recall": 0.03720930232556409,
        "f1": 0.057761732817198194
    }
}