{"em_acc_with_penalty": 0.001133203191683195, "token_f1_with_penalty": 0.05704620456971161}
