{"em_acc_with_penalty": 0.006663890092052719, "token_f1_with_penalty": 0.03970400067900443}
