{"em_acc_with_penalty": 0.01204826739295815, "token_f1_with_penalty": 0.02536871537010266}
