{
  "dist-3": 5.385269153081159,
  "dist-4": 12.428179969946079,
  "bleu-4": 27.903712637128468,
  "f1": 60.99425310898647,
  "rouge-1_f": 34.01416084551695,
  "rouge-1_p": 44.25998977353835,
  "rouge-1_r": 35.77842014251075,
  "rouge-2_f": 16.380736550942576,
  "rouge-2_p": 19.36871034407302,
  "rouge-2_r": 18.611481151579596,
  "rouge-l_f": 30.91779462333136,
  "rouge-l_p": 40.421187695226095,
  "rouge-l_r": 32.54451824332489,
  "min_dist-3": 5.385269153081159,
  "avg_dist-3": 6.125101444305665,
  "max_dist-3": 6.86493373553017,
  "m1_dist-3": 5.385269153081159,
  "m2_dist-3": 6.86493373553017,
  "min_dist-4": 12.428179969946079,
  "avg_dist-4": 14.95294362702506,
  "max_dist-4": 17.477707284104042,
  "m1_dist-4": 12.428179969946079,
  "m2_dist-4": 17.477707284104042,
  "min_bleu-4": 27.903712637128468,
  "avg_bleu-4": 29.998898979709303,
  "max_bleu-4": 32.09408532229014,
  "m1_bleu-4": 27.903712637128468,
  "m2_bleu-4": 32.09408532229014,
  "min_f1": 60.99425310898647,
  "avg_f1": 62.98638833452402,
  "max_f1": 64.97852356006157,
  "m1_f1": 60.99425310898647,
  "m2_f1": 64.97852356006157,
  "min_rouge-1_f": 26.898936103775846,
  "avg_rouge-1_f": 30.456548474646397,
  "max_rouge-1_f": 34.01416084551695,
  "m1_rouge-1_f": 34.01416084551695,
  "m2_rouge-1_f": 26.898936103775846,
  "min_rouge-1_p": 24.8307408104702,
  "avg_rouge-1_p": 34.54536529200428,
  "max_rouge-1_p": 44.25998977353835,
  "m1_rouge-1_p": 44.25998977353835,
  "m2_rouge-1_p": 24.8307408104702,
  "min_rouge-1_r": 32.2727742912263,
  "avg_rouge-1_r": 34.02559721686852,
  "max_rouge-1_r": 35.77842014251075,
  "m1_rouge-1_r": 35.77842014251075,
  "m2_rouge-1_r": 32.2727742912263,
  "min_rouge-2_f": 8.68190659817541,
  "avg_rouge-2_f": 12.531321574558993,
  "max_rouge-2_f": 16.380736550942576,
  "m1_rouge-2_f": 16.380736550942576,
  "m2_rouge-2_f": 8.68190659817541,
  "min_rouge-2_p": 7.374344429699621,
  "avg_rouge-2_p": 13.37152738688632,
  "max_rouge-2_p": 19.36871034407302,
  "m1_rouge-2_p": 19.36871034407302,
  "m2_rouge-2_p": 7.374344429699621,
  "min_rouge-2_r": 11.594318731328631,
  "avg_rouge-2_r": 15.102899941454114,
  "max_rouge-2_r": 18.611481151579596,
  "m1_rouge-2_r": 18.611481151579596,
  "m2_rouge-2_r": 11.594318731328631,
  "min_rouge-l_f": 24.017995130039925,
  "avg_rouge-l_f": 27.46789487668564,
  "max_rouge-l_f": 30.91779462333136,
  "m1_rouge-l_f": 30.91779462333136,
  "m2_rouge-l_f": 24.017995130039925,
  "min_rouge-l_p": 22.20821376454923,
  "avg_rouge-l_p": 31.31470072988766,
  "max_rouge-l_p": 40.421187695226095,
  "m1_rouge-l_p": 40.421187695226095,
  "m2_rouge-l_p": 22.20821376454923,
  "min_rouge-l_r": 28.833002826553805,
  "avg_rouge-l_r": 30.688760534939348,
  "max_rouge-l_r": 32.54451824332489,
  "m1_rouge-l_r": 32.54451824332489,
  "m2_rouge-l_r": 28.833002826553805
}