{
  "dist-3": 5.3903777297112345,
  "dist-4": 12.435157091122639,
  "bleu-4": 32.34233986987447,
  "f1": 67.85433070157232,
  "rouge-1_f": 27.685318506338305,
  "rouge-1_p": 56.50828979064728,
  "rouge-1_r": 20.99247602045677,
  "rouge-2_f": 12.488019546507042,
  "rouge-2_p": 23.959272177073373,
  "rouge-2_r": 9.83224378987138,
  "rouge-l_f": 26.039610754955753,
  "rouge-l_p": 53.56905724002129,
  "rouge-l_r": 19.726963248253757,
  "min_dist-3": 5.257336343115124,
  "avg_dist-3": 5.323857036413179,
  "max_dist-3": 5.3903777297112345,
  "m1_dist-3": 5.3903777297112345,
  "m2_dist-3": 5.257336343115124,
  "min_dist-4": 12.435157091122639,
  "avg_dist-4": 12.827374602281278,
  "max_dist-4": 13.219592113439917,
  "m1_dist-4": 12.435157091122639,
  "m2_dist-4": 13.219592113439917,
  "min_bleu-4": 32.34233986987447,
  "avg_bleu-4": 33.99630554610854,
  "max_bleu-4": 35.6502712223426,
  "m1_bleu-4": 32.34233986987447,
  "m2_bleu-4": 35.6502712223426,
  "min_f1": 67.85433070157232,
  "avg_f1": 72.04083276417776,
  "max_f1": 76.2273348267832,
  "m1_f1": 67.85433070157232,
  "m2_f1": 76.2273348267832,
  "min_rouge-1_f": 21.77338026402133,
  "avg_rouge-1_f": 24.729349385179816,
  "max_rouge-1_f": 27.685318506338305,
  "m1_rouge-1_f": 27.685318506338305,
  "m2_rouge-1_f": 21.77338026402133,
  "min_rouge-1_p": 37.93966215756165,
  "avg_rouge-1_p": 47.22397597410446,
  "max_rouge-1_p": 56.50828979064728,
  "m1_rouge-1_p": 56.50828979064728,
  "m2_rouge-1_p": 37.93966215756165,
  "min_rouge-1_r": 17.307219739422102,
  "avg_rouge-1_r": 19.149847879939436,
  "max_rouge-1_r": 20.99247602045677,
  "m1_rouge-1_r": 20.99247602045677,
  "m2_rouge-1_r": 17.307219739422102,
  "min_rouge-2_f": 4.677427799451386,
  "avg_rouge-2_f": 8.582723672979213,
  "max_rouge-2_f": 12.488019546507042,
  "m1_rouge-2_f": 12.488019546507042,
  "m2_rouge-2_f": 4.677427799451386,
  "min_rouge-2_p": 8.825141812488114,
  "avg_rouge-2_p": 16.392206994780743,
  "max_rouge-2_p": 23.959272177073373,
  "m1_rouge-2_p": 23.959272177073373,
  "m2_rouge-2_p": 8.825141812488114,
  "min_rouge-2_r": 3.7030966110625005,
  "avg_rouge-2_r": 6.767670200466941,
  "max_rouge-2_r": 9.83224378987138,
  "m1_rouge-2_r": 9.83224378987138,
  "m2_rouge-2_r": 3.7030966110625005,
  "min_rouge-l_f": 20.015421641930576,
  "avg_rouge-l_f": 23.027516198443166,
  "max_rouge-l_f": 26.039610754955753,
  "m1_rouge-l_f": 26.039610754955753,
  "m2_rouge-l_f": 20.015421641930576,
  "min_rouge-l_p": 34.99733413074159,
  "avg_rouge-l_p": 44.28319568538144,
  "max_rouge-l_p": 53.56905724002129,
  "m1_rouge-l_p": 53.56905724002129,
  "m2_rouge-l_p": 34.99733413074159,
  "min_rouge-l_r": 15.859173357113516,
  "avg_rouge-l_r": 17.793068302683636,
  "max_rouge-l_r": 19.726963248253757,
  "m1_rouge-l_r": 19.726963248253757,
  "m2_rouge-l_r": 15.859173357113516
}