{
  "dist-3": 6.86493373553017,
  "dist-4": 17.477707284104042,
  "bleu-4": 37.66736647481513,
  "f1": 75.72017406612552,
  "rouge-1_f": 27.36654941079475,
  "rouge-1_p": 24.379561362957578,
  "rouge-1_r": 41.28680405872217,
  "rouge-2_f": 12.050712865328789,
  "rouge-2_p": 10.552791668138486,
  "rouge-2_r": 18.525836423966613,
  "rouge-l_f": 25.518065401732432,
  "rouge-l_p": 22.62614292158419,
  "rouge-l_r": 38.51074029886022
}