{
  "dist-3": 5.257336343115124,
  "dist-4": 13.219592113439917,
  "bleu-4": 32.01279408625234,
  "f1": 65.4394820056898,
  "rouge-1_f": 27.7366768983945,
  "rouge-1_p": 28.2564796468865,
  "rouge-1_r": 37.17657798382968,
  "rouge-2_f": 13.415222204920038,
  "rouge-2_p": 13.581404022241136,
  "rouge-2_r": 17.598757563280635,
  "rouge-l_f": 26.603010598656212,
  "rouge-l_p": 27.138571833049106,
  "rouge-l_r": 35.612462487571506
}