{
    "P": 0.021561017680033566,
    "R": 0.038491147036178716,
    "F1": 0.02763957983235837
}