{"precision": 0.06825938566550571, "recall": 0.11173184357535658, "F1": 0.08474576266474522}