{"precision": 0.01388888888888246, "recall": 0.012820512820507342, "F1": 0.013333333283407406}