{"precision": 0.21825396825388166, "recall": 0.20833333333325443, "F1": 0.21317829452358783}