{
  "em_acc_with_penalty": 0.03130203130203131,
  "token_f1_with_penalty": 0.09563630789740353
}