{
    "identification": {
        "precision": 0.5294117647051038,
        "recall": 0.16744186046503842,
        "f1": 0.2544169610940529
    },
    "classification": {
        "precision": 0.13235294117627594,
        "recall": 0.041860465116259606,
        "f1": 0.06360424024613119
    }
}