{
    "temporal": {
        "precision": 0.0,
        "recall": 0.0,
        "f1-score": 0.0
    },
    "causal": {
        "precision": 0.3333333333222222,
        "recall": 0.04999999999975,
        "f1-score": 0.08695652171568997
    },
    "subevent": {
        "precision": 0.0,
        "recall": 0.0,
        "f1-score": 0.0
    },
    "coreference": {
        "precision": 0.0,
        "recall": 0.0,
        "f1-score": 0.0
    }
}