{"em_acc_with_penalty": 0.0019338106196042403, "token_f1_with_penalty": 0.023641789737525256}
