{"em_acc_with_penalty": 0.00010203352821737222, "token_f1_with_penalty": 0.018320411142639933}
