{
  "dist-3": 6.019033865840328,
  "dist-4": 14.330168035172955,
  "bleu-4": 23.79563918573998,
  "f1": 55.261995062399535,
  "rouge-1_f": 26.286071522094847,
  "rouge-1_p": 29.426174653057075,
  "rouge-1_r": 28.68849392167976,
  "rouge-2_f": 7.954408247036668,
  "rouge-2_p": 8.106532056897564,
  "rouge-2_r": 9.521388859794744,
  "rouge-l_f": 22.076081024092133,
  "rouge-l_p": 25.004452590177706,
  "rouge-l_r": 23.950106825607204,
  "min_dist-3": 5.8148829773390585,
  "avg_dist-3": 5.916958421589693,
  "max_dist-3": 6.019033865840328,
  "m1_dist-3": 6.019033865840328,
  "m2_dist-3": 5.8148829773390585,
  "min_dist-4": 13.722079057781581,
  "avg_dist-4": 14.026123546477269,
  "max_dist-4": 14.330168035172955,
  "m1_dist-4": 14.330168035172955,
  "m2_dist-4": 13.722079057781581,
  "min_bleu-4": 21.95627550138243,
  "avg_bleu-4": 22.875957343561204,
  "max_bleu-4": 23.79563918573998,
  "m1_bleu-4": 23.79563918573998,
  "m2_bleu-4": 21.95627550138243,
  "min_f1": 55.261995062399535,
  "avg_f1": 56.84371698558369,
  "max_f1": 58.425438908767845,
  "m1_f1": 55.261995062399535,
  "m2_f1": 58.425438908767845,
  "min_rouge-1_f": 20.42426156211315,
  "avg_rouge-1_f": 23.355166542103998,
  "max_rouge-1_f": 26.286071522094847,
  "m1_rouge-1_f": 26.286071522094847,
  "m2_rouge-1_f": 20.42426156211315,
  "min_rouge-1_p": 24.86984249255283,
  "avg_rouge-1_p": 27.148008572804954,
  "max_rouge-1_p": 29.426174653057075,
  "m1_rouge-1_p": 29.426174653057075,
  "m2_rouge-1_p": 24.86984249255283,
  "min_rouge-1_r": 20.25349676687571,
  "avg_rouge-1_r": 24.470995344277735,
  "max_rouge-1_r": 28.68849392167976,
  "m1_rouge-1_r": 28.68849392167976,
  "m2_rouge-1_r": 20.25349676687571,
  "min_rouge-2_f": 3.9548555277387543,
  "avg_rouge-2_f": 5.954631887387711,
  "max_rouge-2_f": 7.954408247036668,
  "m1_rouge-2_f": 7.954408247036668,
  "m2_rouge-2_f": 3.9548555277387543,
  "min_rouge-2_p": 4.569920008092714,
  "avg_rouge-2_p": 6.338226032495139,
  "max_rouge-2_p": 8.106532056897564,
  "m1_rouge-2_p": 8.106532056897564,
  "m2_rouge-2_p": 4.569920008092714,
  "min_rouge-2_r": 4.184772452466548,
  "avg_rouge-2_r": 6.853080656130646,
  "max_rouge-2_r": 9.521388859794744,
  "m1_rouge-2_r": 9.521388859794744,
  "m2_rouge-2_r": 4.184772452466548,
  "min_rouge-l_f": 17.80875222976274,
  "avg_rouge-l_f": 19.942416626927436,
  "max_rouge-l_f": 22.076081024092133,
  "m1_rouge-l_f": 22.076081024092133,
  "m2_rouge-l_f": 17.80875222976274,
  "min_rouge-l_p": 21.968457656686095,
  "avg_rouge-l_p": 23.486455123431902,
  "max_rouge-l_p": 25.004452590177706,
  "m1_rouge-l_p": 25.004452590177706,
  "m2_rouge-l_p": 21.968457656686095,
  "min_rouge-l_r": 17.53046595739207,
  "avg_rouge-l_r": 20.740286391499637,
  "max_rouge-l_r": 23.950106825607204,
  "m1_rouge-l_r": 23.950106825607204,
  "m2_rouge-l_r": 17.53046595739207
}