{
  "dist-3": 5.201211398155372,
  "dist-4": 11.303788600893462,
  "bleu-4": 28.7750468836698,
  "f1": 72.04991610718415,
  "rouge-1_f": 19.14628258598292,
  "rouge-1_p": 44.51693126200148,
  "rouge-1_r": 13.842753024085452,
  "rouge-2_f": 5.2930435520426276,
  "rouge-2_p": 12.19166678661275,
  "rouge-2_r": 3.962342759551466,
  "rouge-l_f": 17.373722315186445,
  "rouge-l_p": 41.19041805661355,
  "rouge-l_r": 12.475224381403892,
  "min_dist-3": 5.114650556089524,
  "avg_dist-3": 5.157930977122447,
  "max_dist-3": 5.201211398155372,
  "m1_dist-3": 5.201211398155372,
  "m2_dist-3": 5.114650556089524,
  "min_dist-4": 11.303788600893462,
  "avg_dist-4": 11.323650637716636,
  "max_dist-4": 11.34351267453981,
  "m1_dist-4": 11.303788600893462,
  "m2_dist-4": 11.34351267453981,
  "min_bleu-4": 27.243438956141546,
  "avg_bleu-4": 28.009242919905674,
  "max_bleu-4": 28.7750468836698,
  "m1_bleu-4": 28.7750468836698,
  "m2_bleu-4": 27.243438956141546,
  "min_f1": 72.04991610718415,
  "avg_f1": 72.16669019804549,
  "max_f1": 72.28346428890683,
  "m1_f1": 72.04991610718415,
  "m2_f1": 72.28346428890683,
  "min_rouge-1_f": 16.116371835225795,
  "avg_rouge-1_f": 17.631327210604358,
  "max_rouge-1_f": 19.14628258598292,
  "m1_rouge-1_f": 19.14628258598292,
  "m2_rouge-1_f": 16.116371835225795,
  "min_rouge-1_p": 40.93631825607111,
  "avg_rouge-1_p": 42.7266247590363,
  "max_rouge-1_p": 44.51693126200148,
  "m1_rouge-1_p": 44.51693126200148,
  "m2_rouge-1_p": 40.93631825607111,
  "min_rouge-1_r": 11.502297610516358,
  "avg_rouge-1_r": 12.672525317300906,
  "max_rouge-1_r": 13.842753024085452,
  "m1_rouge-1_r": 13.842753024085452,
  "m2_rouge-1_r": 11.502297610516358,
  "min_rouge-2_f": 3.1052593101109545,
  "avg_rouge-2_f": 4.199151431076791,
  "max_rouge-2_f": 5.2930435520426276,
  "m1_rouge-2_f": 5.2930435520426276,
  "m2_rouge-2_f": 3.1052593101109545,
  "min_rouge-2_p": 8.92913067935653,
  "avg_rouge-2_p": 10.560398732984641,
  "max_rouge-2_p": 12.19166678661275,
  "m1_rouge-2_p": 12.19166678661275,
  "m2_rouge-2_p": 8.92913067935653,
  "min_rouge-2_r": 2.1749513715712347,
  "avg_rouge-2_r": 3.0686470655613505,
  "max_rouge-2_r": 3.962342759551466,
  "m1_rouge-2_r": 3.962342759551466,
  "m2_rouge-2_r": 2.1749513715712347,
  "min_rouge-l_f": 14.872225174788529,
  "avg_rouge-l_f": 16.122973744987487,
  "max_rouge-l_f": 17.373722315186445,
  "m1_rouge-l_f": 17.373722315186445,
  "m2_rouge-l_f": 14.872225174788529,
  "min_rouge-l_p": 38.2285682433728,
  "avg_rouge-l_p": 39.70949314999318,
  "max_rouge-l_p": 41.19041805661355,
  "m1_rouge-l_p": 41.19041805661355,
  "m2_rouge-l_p": 38.2285682433728,
  "min_rouge-l_r": 10.572115544935228,
  "avg_rouge-l_r": 11.52366996316956,
  "max_rouge-l_r": 12.475224381403892,
  "m1_rouge-l_r": 12.475224381403892,
  "m2_rouge-l_r": 10.572115544935228
}