{
  "dist-3": 5.8148829773390585,
  "dist-4": 13.722079057781581,
  "bleu-4": 41.57193636385623,
  "f1": 71.70261865932692,
  "rouge-1_f": 37.13921564635948,
  "rouge-1_p": 43.34584567198621,
  "rouge-1_r": 39.475337090519126,
  "rouge-2_f": 26.634631532200373,
  "rouge-2_p": 30.924627909916317,
  "rouge-2_r": 27.774922491317298,
  "rouge-l_f": 36.013175561840576,
  "rouge-l_p": 41.932706674008955,
  "rouge-l_r": 38.205870058474254
}