{
  "dist-3": 5.114650556089524,
  "dist-4": 11.34351267453981,
  "bleu-4": 46.155936826770336,
  "f1": 75.81801476485207,
  "rouge-1_f": 44.85926351283238,
  "rouge-1_p": 48.490182933038724,
  "rouge-1_r": 47.38633858340511,
  "rouge-2_f": 31.19016005859894,
  "rouge-2_p": 33.89511857166177,
  "rouge-2_r": 32.49608709767445,
  "rouge-l_f": 43.917648652328936,
  "rouge-l_p": 47.46582461277553,
  "rouge-l_r": 46.24279950004047
}