{"precision": 0.599999999988, "recall": 0.012820512820507342, "F1": 0.025104602506342676}