{
    "identification": {
        "precision": 0.2184873949577996,
        "recall": 0.1209302325580833,
        "f1": 0.15568862270852846
    },
    "classification": {
        "precision": 0.15126050420155357,
        "recall": 0.08372093023251921,
        "f1": 0.10778443109179067
    }
}