{"em_acc_with_penalty": 0.007787072528553584, "token_f1_with_penalty": 0.03767715064108668}
