{"em_acc_with_penalty": 0.006898525060762059, "token_f1_with_penalty": 0.03647453314859997}
