{
  "dist-3": 4.987200444129168,
  "dist-4": 11.55556012925268,
  "bleu-4": 27.695910903013427,
  "f1": 62.84655315678861,
  "rouge-1_f": 33.5802593334144,
  "rouge-1_p": 40.615214928933426,
  "rouge-1_r": 31.801329249854472,
  "rouge-2_f": 12.748583302040664,
  "rouge-2_p": 14.900124439873487,
  "rouge-2_r": 13.254257388373022,
  "rouge-l_f": 30.05627498947144,
  "rouge-l_p": 36.35161340412971,
  "rouge-l_r": 28.4751425976062,
  "min_dist-3": 4.987200444129168,
  "avg_dist-3": 5.3052001939661455,
  "max_dist-3": 5.623199943803123,
  "m1_dist-3": 4.987200444129168,
  "m2_dist-3": 5.623199943803123,
  "min_dist-4": 11.55556012925268,
  "avg_dist-4": 12.350759119701998,
  "max_dist-4": 13.145958110151316,
  "m1_dist-4": 11.55556012925268,
  "m2_dist-4": 13.145958110151316,
  "min_bleu-4": 26.192178358328622,
  "avg_bleu-4": 26.944044630671023,
  "max_bleu-4": 27.695910903013427,
  "m1_bleu-4": 27.695910903013427,
  "m2_bleu-4": 26.192178358328622,
  "min_f1": 62.44125090873307,
  "avg_f1": 62.643902032760835,
  "max_f1": 62.84655315678861,
  "m1_f1": 62.84655315678861,
  "m2_f1": 62.44125090873307,
  "min_rouge-1_f": 22.898274133263293,
  "avg_rouge-1_f": 28.239266733338848,
  "max_rouge-1_f": 33.5802593334144,
  "m1_rouge-1_f": 33.5802593334144,
  "m2_rouge-1_f": 22.898274133263293,
  "min_rouge-1_p": 29.363701751278192,
  "avg_rouge-1_p": 34.98945834010581,
  "max_rouge-1_p": 40.615214928933426,
  "m1_rouge-1_p": 40.615214928933426,
  "m2_rouge-1_p": 29.363701751278192,
  "min_rouge-1_r": 21.758243824619214,
  "avg_rouge-1_r": 26.779786537236845,
  "max_rouge-1_r": 31.801329249854472,
  "m1_rouge-1_r": 31.801329249854472,
  "m2_rouge-1_r": 21.758243824619214,
  "min_rouge-2_f": 5.296471708825718,
  "avg_rouge-2_f": 9.02252750543319,
  "max_rouge-2_f": 12.748583302040664,
  "m1_rouge-2_f": 12.748583302040664,
  "m2_rouge-2_f": 5.296471708825718,
  "min_rouge-2_p": 6.79892918848854,
  "avg_rouge-2_p": 10.849526814181013,
  "max_rouge-2_p": 14.900124439873487,
  "m1_rouge-2_p": 14.900124439873487,
  "m2_rouge-2_p": 6.79892918848854,
  "min_rouge-2_r": 5.348786832044921,
  "avg_rouge-2_r": 9.301522110208971,
  "max_rouge-2_r": 13.254257388373022,
  "m1_rouge-2_r": 13.254257388373022,
  "m2_rouge-2_r": 5.348786832044921,
  "min_rouge-l_f": 20.317180789432786,
  "avg_rouge-l_f": 25.186727889452115,
  "max_rouge-l_f": 30.05627498947144,
  "m1_rouge-l_f": 30.05627498947144,
  "m2_rouge-l_f": 20.317180789432786,
  "min_rouge-l_p": 26.253566693863874,
  "avg_rouge-l_p": 31.30259004899679,
  "max_rouge-l_p": 36.35161340412971,
  "m1_rouge-l_p": 36.35161340412971,
  "m2_rouge-l_p": 26.253566693863874,
  "min_rouge-l_r": 19.23138545438777,
  "avg_rouge-l_r": 23.853264025996985,
  "max_rouge-l_r": 28.4751425976062,
  "m1_rouge-l_r": 28.4751425976062,
  "m2_rouge-l_r": 19.23138545438777
}