{
  "dist-3": 5.171810314653664,
  "dist-4": 12.164382899538413,
  "bleu-4": 35.149536813176354,
  "f1": 76.07568436435874,
  "rouge-1_f": 27.50487211238967,
  "rouge-1_p": 55.812623504478935,
  "rouge-1_r": 20.12398146784496,
  "rouge-2_f": 11.462874308247592,
  "rouge-2_p": 23.12839993500044,
  "rouge-2_r": 8.629754766130167,
  "rouge-l_f": 25.75687143115257,
  "rouge-l_p": 52.728666764038756,
  "rouge-l_r": 18.780872120572855,
  "min_dist-3": 4.976939772110689,
  "avg_dist-3": 5.074375043382176,
  "max_dist-3": 5.171810314653664,
  "m1_dist-3": 5.171810314653664,
  "m2_dist-3": 4.976939772110689,
  "min_dist-4": 11.152007388493509,
  "avg_dist-4": 11.658195144015961,
  "max_dist-4": 12.164382899538413,
  "m1_dist-4": 12.164382899538413,
  "m2_dist-4": 11.152007388493509,
  "min_bleu-4": 26.49917522641611,
  "avg_bleu-4": 30.824356019796234,
  "max_bleu-4": 35.149536813176354,
  "m1_bleu-4": 35.149536813176354,
  "m2_bleu-4": 26.49917522641611,
  "min_f1": 70.21291021632545,
  "avg_f1": 73.1442972903421,
  "max_f1": 76.07568436435874,
  "m1_f1": 76.07568436435874,
  "m2_f1": 70.21291021632545,
  "min_rouge-1_f": 18.50174341889069,
  "avg_rouge-1_f": 23.00330776564018,
  "max_rouge-1_f": 27.50487211238967,
  "m1_rouge-1_f": 27.50487211238967,
  "m2_rouge-1_f": 18.50174341889069,
  "min_rouge-1_p": 45.87368695612605,
  "avg_rouge-1_p": 50.84315523030249,
  "max_rouge-1_p": 55.812623504478935,
  "m1_rouge-1_p": 55.812623504478935,
  "m2_rouge-1_p": 45.87368695612605,
  "min_rouge-1_r": 12.786210076681119,
  "avg_rouge-1_r": 16.45509577226304,
  "max_rouge-1_r": 20.12398146784496,
  "m1_rouge-1_r": 20.12398146784496,
  "m2_rouge-1_r": 12.786210076681119,
  "min_rouge-2_f": 3.9264946635052933,
  "avg_rouge-2_f": 7.694684485876443,
  "max_rouge-2_f": 11.462874308247592,
  "m1_rouge-2_f": 11.462874308247592,
  "m2_rouge-2_f": 3.9264946635052933,
  "min_rouge-2_p": 10.684679243932319,
  "avg_rouge-2_p": 16.90653958946638,
  "max_rouge-2_p": 23.12839993500044,
  "m1_rouge-2_p": 23.12839993500044,
  "m2_rouge-2_p": 10.684679243932319,
  "min_rouge-2_r": 2.6873405347753954,
  "avg_rouge-2_r": 5.658547650452782,
  "max_rouge-2_r": 8.629754766130167,
  "m1_rouge-2_r": 8.629754766130167,
  "m2_rouge-2_r": 2.6873405347753954,
  "min_rouge-l_f": 17.11499730110242,
  "avg_rouge-l_f": 21.435934366127498,
  "max_rouge-l_f": 25.75687143115257,
  "m1_rouge-l_f": 25.75687143115257,
  "m2_rouge-l_f": 17.11499730110242,
  "min_rouge-l_p": 42.886974984830026,
  "avg_rouge-l_p": 47.80782087443439,
  "max_rouge-l_p": 52.728666764038756,
  "m1_rouge-l_p": 52.728666764038756,
  "m2_rouge-l_p": 42.886974984830026,
  "min_rouge-l_r": 11.780854931343047,
  "avg_rouge-l_r": 15.280863525957951,
  "max_rouge-l_r": 18.780872120572855,
  "m1_rouge-l_r": 18.780872120572855,
  "m2_rouge-l_r": 11.780854931343047
}