{
  "dist-3": 5.623199943803123,
  "dist-4": 13.145958110151316,
  "bleu-4": 43.75229287887877,
  "f1": 76.24903101194184,
  "rouge-1_f": 39.35895875578133,
  "rouge-1_p": 44.136471670846326,
  "rouge-1_r": 43.41316978519963,
  "rouge-2_f": 23.068192107277653,
  "rouge-2_p": 27.419287390366033,
  "rouge-2_r": 26.005207215081178,
  "rouge-l_f": 37.736260472708494,
  "rouge-l_p": 42.379589478958295,
  "rouge-l_r": 41.58460320841653
}