{
  "dist-3": 4.976939772110689,
  "dist-4": 11.152007388493509,
  "bleu-4": 40.011756177517064,
  "f1": 75.20310918086503,
  "rouge-1_f": 40.44891965664675,
  "rouge-1_p": 48.347498332702045,
  "rouge-1_r": 40.93139019524781,
  "rouge-2_f": 23.778353038172785,
  "rouge-2_p": 29.912728716381228,
  "rouge-2_r": 24.07600740991965,
  "rouge-l_f": 39.36175921356927,
  "rouge-l_p": 47.09241091143772,
  "rouge-l_r": 39.847341825476214
}