{"precision": 0.06865671641788995, "recall": 0.12849162011166007, "F1": 0.08949416337869537}