{"precision": 0.13975155279498766, "recall": 0.1704545454544809, "F1": 0.1535836176978777}