{"precision": 0.02721088435372299, "recall": 0.01709401709400979, "F1": 0.020997375280680075}