{
  "em_acc_with_penalty": 0.10418153275296134,
  "token_f1_with_penalty": 0.1413694066666228
}