{
  "em_acc_with_penalty": 0.21978021978021978,
  "token_f1_with_penalty": 0.2853229656287771
}