{
    "identification": {
        "precision": 0.5249999999993438,
        "recall": 0.19534883720921148,
        "f1": 0.28474576267214247
    },
    "classification": {
        "precision": 0.11249999999985938,
        "recall": 0.041860465116259606,
        "f1": 0.061016949112972146
    }
}