{
    "P": 0.02844950213371131,
    "R": 0.046189376443414455,
    "F1": 0.03521126755845623
}