{"em_acc_with_penalty": 0.009990009990009992, "token_f1_with_penalty": 0.04492261363448431}
