{"em_acc_with_penalty": 0.005361500846751897, "token_f1_with_penalty": 0.027074060128189564}
