{"em_acc_with_penalty": 0.001245345769593042, "token_f1_with_penalty": 0.014123676880436743}
