{
  "dist-3": 5.84630301824872,
  "dist-4": 12.866370458873167,
  "bleu-4": 25.422035078873378,
  "f1": 60.28613793559163,
  "rouge-1_f": 29.053036191762605,
  "rouge-1_p": 39.29004204150399,
  "rouge-1_r": 27.104824645658898,
  "rouge-2_f": 11.431851139420937,
  "rouge-2_p": 14.15355700126502,
  "rouge-2_r": 11.339603531960144,
  "rouge-l_f": 26.542984050107307,
  "rouge-l_p": 36.24027464465168,
  "rouge-l_r": 24.65169329514257,
  "min_dist-3": 5.5570533825542325,
  "avg_dist-3": 5.701678200401476,
  "max_dist-3": 5.84630301824872,
  "m1_dist-3": 5.84630301824872,
  "m2_dist-3": 5.5570533825542325,
  "min_dist-4": 12.866370458873167,
  "avg_dist-4": 13.174863227381383,
  "max_dist-4": 13.483355995889601,
  "m1_dist-4": 12.866370458873167,
  "m2_dist-4": 13.483355995889601,
  "min_bleu-4": 25.422035078873378,
  "avg_bleu-4": 25.511996932036034,
  "max_bleu-4": 25.601958785198693,
  "m1_bleu-4": 25.422035078873378,
  "m2_bleu-4": 25.601958785198693,
  "min_f1": 60.28613793559163,
  "avg_f1": 61.55477761943705,
  "max_f1": 62.82341730328247,
  "m1_f1": 60.28613793559163,
  "m2_f1": 62.82341730328247,
  "min_rouge-1_f": 22.411373113436113,
  "avg_rouge-1_f": 25.732204652599357,
  "max_rouge-1_f": 29.053036191762605,
  "m1_rouge-1_f": 29.053036191762605,
  "m2_rouge-1_f": 22.411373113436113,
  "min_rouge-1_p": 26.867050150907072,
  "avg_rouge-1_p": 33.07854609620553,
  "max_rouge-1_p": 39.29004204150399,
  "m1_rouge-1_p": 39.29004204150399,
  "m2_rouge-1_p": 26.867050150907072,
  "min_rouge-1_r": 22.790399833842855,
  "avg_rouge-1_r": 24.947612239750875,
  "max_rouge-1_r": 27.104824645658898,
  "m1_rouge-1_r": 27.104824645658898,
  "m2_rouge-1_r": 22.790399833842855,
  "min_rouge-2_f": 5.325734271471891,
  "avg_rouge-2_f": 8.378792705446415,
  "max_rouge-2_f": 11.431851139420937,
  "m1_rouge-2_f": 11.431851139420937,
  "m2_rouge-2_f": 5.325734271471891,
  "min_rouge-2_p": 6.457790271498963,
  "avg_rouge-2_p": 10.305673636381991,
  "max_rouge-2_p": 14.15355700126502,
  "m1_rouge-2_p": 14.15355700126502,
  "m2_rouge-2_p": 6.457790271498963,
  "min_rouge-2_r": 5.812649531846078,
  "avg_rouge-2_r": 8.57612653190311,
  "max_rouge-2_r": 11.339603531960144,
  "m1_rouge-2_r": 11.339603531960144,
  "m2_rouge-2_r": 5.812649531846078,
  "min_rouge-l_f": 20.00180711001321,
  "avg_rouge-l_f": 23.27239558006026,
  "max_rouge-l_f": 26.542984050107307,
  "m1_rouge-l_f": 26.542984050107307,
  "m2_rouge-l_f": 20.00180711001321,
  "min_rouge-l_p": 24.104975827803422,
  "avg_rouge-l_p": 30.17262523622755,
  "max_rouge-l_p": 36.24027464465168,
  "m1_rouge-l_p": 36.24027464465168,
  "m2_rouge-l_p": 24.104975827803422,
  "min_rouge-l_r": 20.30557207778634,
  "avg_rouge-l_r": 22.478632686464458,
  "max_rouge-l_r": 24.65169329514257,
  "m1_rouge-l_r": 24.65169329514257,
  "m2_rouge-l_r": 20.30557207778634
}