{
  "dist-3": 6.650801825640662,
  "dist-4": 14.395489069531653,
  "bleu-4": 18.060314556101865,
  "f1": 51.22999306224849,
  "rouge-1_f": 16.15542026091029,
  "rouge-1_p": 36.06835936366374,
  "rouge-1_r": 11.694748050967307,
  "rouge-2_f": 4.172630416519207,
  "rouge-2_p": 9.822525096106821,
  "rouge-2_r": 3.032117850171878,
  "rouge-l_f": 14.929285448103505,
  "rouge-l_p": 33.5989432351862,
  "rouge-l_r": 10.795640120296937,
  "min_dist-3": 5.736107689206442,
  "avg_dist-3": 6.193454757423552,
  "max_dist-3": 6.650801825640662,
  "m1_dist-3": 6.650801825640662,
  "m2_dist-3": 5.736107689206442,
  "min_dist-4": 14.266976087175864,
  "avg_dist-4": 14.33123257835376,
  "max_dist-4": 14.395489069531653,
  "m1_dist-4": 14.395489069531653,
  "m2_dist-4": 14.266976087175864,
  "min_bleu-4": 18.060314556101865,
  "avg_bleu-4": 27.603104312512095,
  "max_bleu-4": 37.145894068922324,
  "m1_bleu-4": 18.060314556101865,
  "m2_bleu-4": 37.145894068922324,
  "min_f1": 51.22999306224849,
  "avg_f1": 65.47981936298658,
  "max_f1": 79.72964566372467,
  "m1_f1": 51.22999306224849,
  "m2_f1": 79.72964566372467,
  "min_rouge-1_f": 16.15542026091029,
  "avg_rouge-1_f": 19.42079097099183,
  "max_rouge-1_f": 22.68616168107337,
  "m1_rouge-1_f": 16.15542026091029,
  "m2_rouge-1_f": 22.68616168107337,
  "min_rouge-1_p": 36.06835936366374,
  "avg_rouge-1_p": 37.15697286618142,
  "max_rouge-1_p": 38.2455863686991,
  "m1_rouge-1_p": 36.06835936366374,
  "m2_rouge-1_p": 38.2455863686991,
  "min_rouge-1_r": 11.694748050967307,
  "avg_rouge-1_r": 14.948150863228225,
  "max_rouge-1_r": 18.20155367548914,
  "m1_rouge-1_r": 11.694748050967307,
  "m2_rouge-1_r": 18.20155367548914,
  "min_rouge-2_f": 4.172630416519207,
  "avg_rouge-2_f": 4.408323368156318,
  "max_rouge-2_f": 4.644016319793429,
  "m1_rouge-2_f": 4.172630416519207,
  "m2_rouge-2_f": 4.644016319793429,
  "min_rouge-2_p": 8.21536467907288,
  "avg_rouge-2_p": 9.01894488758985,
  "max_rouge-2_p": 9.822525096106821,
  "m1_rouge-2_p": 9.822525096106821,
  "m2_rouge-2_p": 8.21536467907288,
  "min_rouge-2_r": 3.032117850171878,
  "avg_rouge-2_r": 3.413398042872438,
  "max_rouge-2_r": 3.7946782355729973,
  "m1_rouge-2_r": 3.032117850171878,
  "m2_rouge-2_r": 3.7946782355729973,
  "min_rouge-l_f": 14.929285448103505,
  "avg_rouge-l_f": 17.82646714189465,
  "max_rouge-l_f": 20.723648835685797,
  "m1_rouge-l_f": 14.929285448103505,
  "m2_rouge-l_f": 20.723648835685797,
  "min_rouge-l_p": 33.5989432351862,
  "avg_rouge-l_p": 34.40465081040623,
  "max_rouge-l_p": 35.210358385626265,
  "m1_rouge-l_p": 33.5989432351862,
  "m2_rouge-l_p": 35.210358385626265,
  "min_rouge-l_r": 10.795640120296937,
  "avg_rouge-l_r": 13.679996528150312,
  "max_rouge-l_r": 16.564352936003687,
  "m1_rouge-l_r": 10.795640120296937,
  "m2_rouge-l_r": 16.564352936003687
}