{
  "dist-3": 5.5570533825542325,
  "dist-4": 13.483355995889601,
  "bleu-4": 32.51540684063513,
  "f1": 68.01300318993499,
  "rouge-1_f": 28.01185107002671,
  "rouge-1_p": 28.350656403682226,
  "rouge-1_r": 37.48579191593149,
  "rouge-2_f": 13.956226456970363,
  "rouge-2_p": 14.934728753974426,
  "rouge-2_r": 18.369816918354623,
  "rouge-l_f": 26.874931352683554,
  "rouge-l_p": 27.206832018601467,
  "rouge-l_r": 36.04887447236909
}