{
  "dist-3": 5.815919936987444,
  "dist-4": 14.376159554730982,
  "bleu-4": 26.432337165427516,
  "f1": 53.692830858334354,
  "rouge-1_f": 25.13035856282557,
  "rouge-1_p": 23.500134429808977,
  "rouge-1_r": 34.9605565547774,
  "rouge-2_f": 12.3284521571721,
  "rouge-2_p": 11.713032991336554,
  "rouge-2_r": 16.92351705343636,
  "rouge-l_f": 24.457037184560594,
  "rouge-l_p": 22.945634901984004,
  "rouge-l_r": 33.861484789698
}