{
    "P": 0.005765534913516607,
    "R": 0.006928406466512168,
    "F1": 0.006293706244125458
}