{"precision": 0.010791366906470938, "recall": 0.01136363636363206, "F1": 0.011070110651136287}