{"precision": 0.014634146341456277, "recall": 0.012820512820507342, "F1": 0.013667425918321303}