{"precision": 0.036414565826320335, "recall": 0.07262569832398177, "F1": 0.048507462642063244}