{
  "em_acc_with_penalty": 0.1026678948756871,
  "token_f1_with_penalty": 0.12153722778956029
}