{
  "em_acc_with_penalty": 0.22977022977022976,
  "token_f1_with_penalty": 0.2908794035173556
}