{
    "identification": {
        "precision": 0.48571428571289793,
        "recall": 0.07906976744182369,
        "f1": 0.1359999999758112
    },
    "classification": {
        "precision": 0.2571428571421224,
        "recall": 0.041860465116259606,
        "f1": 0.0719999999758624
    }
}