{
  "em_acc_with_penalty": 0.04077555097963262,
  "token_f1_with_penalty": 0.15447383239258577
}