{"em_acc_with_penalty": 0.000719643383952594, "token_f1_with_penalty": 0.021542098478224428}
