{"em_acc_with_penalty": 0.0009998571632623908, "token_f1_with_penalty": 0.01716282069609455}
