{
  "dist-3": 5.693997728509119,
  "dist-4": 13.734930551575248,
  "bleu-4": 26.044885198140623,
  "f1": 59.64676030002285,
  "rouge-1_f": 32.04705574108543,
  "rouge-1_p": 36.303397308861676,
  "rouge-1_r": 34.60136414315776,
  "rouge-2_f": 10.710617344149162,
  "rouge-2_p": 11.07699023170833,
  "rouge-2_r": 12.757316204139801,
  "rouge-l_f": 27.521454533013795,
  "rouge-l_p": 31.516080370880875,
  "rouge-l_r": 29.529301092655714,
  "min_dist-3": 5.292696383387554,
  "avg_dist-3": 5.493347055948337,
  "max_dist-3": 5.693997728509119,
  "m1_dist-3": 5.693997728509119,
  "m2_dist-3": 5.292696383387554,
  "min_dist-4": 11.95646999457303,
  "avg_dist-4": 12.84570027307414,
  "max_dist-4": 13.734930551575248,
  "m1_dist-4": 13.734930551575248,
  "m2_dist-4": 11.95646999457303,
  "min_bleu-4": 21.776229678535717,
  "avg_bleu-4": 23.91055743833817,
  "max_bleu-4": 26.044885198140623,
  "m1_bleu-4": 26.044885198140623,
  "m2_bleu-4": 21.776229678535717,
  "min_f1": 59.0011219358263,
  "avg_f1": 59.323941117924576,
  "max_f1": 59.64676030002285,
  "m1_f1": 59.64676030002285,
  "m2_f1": 59.0011219358263,
  "min_rouge-1_f": 21.426724313493,
  "avg_rouge-1_f": 26.736890027289213,
  "max_rouge-1_f": 32.04705574108543,
  "m1_rouge-1_f": 32.04705574108543,
  "m2_rouge-1_f": 21.426724313493,
  "min_rouge-1_p": 29.290190924800186,
  "avg_rouge-1_p": 32.79679411683093,
  "max_rouge-1_p": 36.303397308861676,
  "m1_rouge-1_p": 36.303397308861676,
  "m2_rouge-1_p": 29.290190924800186,
  "min_rouge-1_r": 19.737327891564938,
  "avg_rouge-1_r": 27.16934601736135,
  "max_rouge-1_r": 34.60136414315776,
  "m1_rouge-1_r": 34.60136414315776,
  "m2_rouge-1_r": 19.737327891564938,
  "min_rouge-2_f": 4.4121825446194665,
  "avg_rouge-2_f": 7.5613999443843145,
  "max_rouge-2_f": 10.710617344149162,
  "m1_rouge-2_f": 10.710617344149162,
  "m2_rouge-2_f": 4.4121825446194665,
  "min_rouge-2_p": 5.905721235149068,
  "avg_rouge-2_p": 8.491355733428698,
  "max_rouge-2_p": 11.07699023170833,
  "m1_rouge-2_p": 11.07699023170833,
  "m2_rouge-2_p": 5.905721235149068,
  "min_rouge-2_r": 4.408256530714893,
  "avg_rouge-2_r": 8.582786367427348,
  "max_rouge-2_r": 12.757316204139801,
  "m1_rouge-2_r": 12.757316204139801,
  "m2_rouge-2_r": 4.408256530714893,
  "min_rouge-l_f": 19.393619063747877,
  "avg_rouge-l_f": 23.457536798380836,
  "max_rouge-l_f": 27.521454533013795,
  "m1_rouge-l_f": 27.521454533013795,
  "m2_rouge-l_f": 19.393619063747877,
  "min_rouge-l_p": 26.617029150030397,
  "avg_rouge-l_p": 29.066554760455638,
  "max_rouge-l_p": 31.516080370880875,
  "m1_rouge-l_p": 31.516080370880875,
  "m2_rouge-l_p": 26.617029150030397,
  "min_rouge-l_r": 17.800401749829597,
  "avg_rouge-l_r": 23.664851421242656,
  "max_rouge-l_r": 29.529301092655714,
  "m1_rouge-l_r": 29.529301092655714,
  "m2_rouge-l_r": 17.800401749829597
}