{
  "dist-3": 4.626566804217234,
  "dist-4": 10.130016833525294,
  "bleu-4": 30.78363146090582,
  "f1": 75.46063164247528,
  "rouge-1_f": 19.28196941689686,
  "rouge-1_p": 45.85926563102438,
  "rouge-1_r": 13.381244617823135,
  "rouge-2_f": 5.185745003736706,
  "rouge-2_p": 13.056580674780161,
  "rouge-2_r": 3.596875053655934,
  "rouge-l_f": 17.737240863740297,
  "rouge-l_p": 42.37360112755136,
  "rouge-l_r": 12.283088691183723,
  "min_dist-3": 4.358119957909506,
  "avg_dist-3": 4.492343381063369,
  "max_dist-3": 4.626566804217234,
  "m1_dist-3": 4.626566804217234,
  "m2_dist-3": 4.358119957909506,
  "min_dist-4": 9.688710403019629,
  "avg_dist-4": 9.909363618272462,
  "max_dist-4": 10.130016833525294,
  "m1_dist-4": 10.130016833525294,
  "m2_dist-4": 9.688710403019629,
  "min_bleu-4": 29.090438054863622,
  "avg_bleu-4": 29.93703475788472,
  "max_bleu-4": 30.78363146090582,
  "m1_bleu-4": 30.78363146090582,
  "m2_bleu-4": 29.090438054863622,
  "min_f1": 74.72134435007665,
  "avg_f1": 75.09098799627597,
  "max_f1": 75.46063164247528,
  "m1_f1": 75.46063164247528,
  "m2_f1": 74.72134435007665,
  "min_rouge-1_f": 17.525410646624174,
  "avg_rouge-1_f": 18.40369003176052,
  "max_rouge-1_f": 19.28196941689686,
  "m1_rouge-1_f": 19.28196941689686,
  "m2_rouge-1_f": 17.525410646624174,
  "min_rouge-1_p": 41.03960086515681,
  "avg_rouge-1_p": 43.44943324809059,
  "max_rouge-1_p": 45.85926563102438,
  "m1_rouge-1_p": 45.85926563102438,
  "m2_rouge-1_p": 41.03960086515681,
  "min_rouge-1_r": 12.143557796846679,
  "avg_rouge-1_r": 12.762401207334907,
  "max_rouge-1_r": 13.381244617823135,
  "m1_rouge-1_r": 13.381244617823135,
  "m2_rouge-1_r": 12.143557796846679,
  "min_rouge-2_f": 3.085932703024324,
  "avg_rouge-2_f": 4.135838853380515,
  "max_rouge-2_f": 5.185745003736706,
  "m1_rouge-2_f": 5.185745003736706,
  "m2_rouge-2_f": 3.085932703024324,
  "min_rouge-2_p": 8.048019673649259,
  "avg_rouge-2_p": 10.552300174214711,
  "max_rouge-2_p": 13.056580674780161,
  "m1_rouge-2_p": 13.056580674780161,
  "m2_rouge-2_p": 8.048019673649259,
  "min_rouge-2_r": 2.120724869406851,
  "avg_rouge-2_r": 2.8587999615313926,
  "max_rouge-2_r": 3.596875053655934,
  "m1_rouge-2_r": 3.596875053655934,
  "m2_rouge-2_r": 2.120724869406851,
  "min_rouge-l_f": 16.03978480293302,
  "avg_rouge-l_f": 16.88851283333666,
  "max_rouge-l_f": 17.737240863740297,
  "m1_rouge-l_f": 17.737240863740297,
  "m2_rouge-l_f": 16.03978480293302,
  "min_rouge-l_p": 37.81928798841236,
  "avg_rouge-l_p": 40.09644455798186,
  "max_rouge-l_p": 42.37360112755136,
  "m1_rouge-l_p": 42.37360112755136,
  "m2_rouge-l_p": 37.81928798841236,
  "min_rouge-l_r": 11.093993206219743,
  "avg_rouge-l_r": 11.688540948701732,
  "max_rouge-l_r": 12.283088691183723,
  "m1_rouge-l_r": 12.283088691183723,
  "m2_rouge-l_r": 11.093993206219743
}