{
  "dist-3": 5.292696383387554,
  "dist-4": 11.95646999457303,
  "bleu-4": 41.071426225893774,
  "f1": 75.90979406192282,
  "rouge-1_f": 34.25788316201705,
  "rouge-1_p": 42.29382927659435,
  "rouge-1_r": 35.48446200853566,
  "rouge-2_f": 21.361979068663633,
  "rouge-2_p": 25.591091779748538,
  "rouge-2_r": 22.06219089731926,
  "rouge-l_f": 32.932676994466235,
  "rouge-l_p": 40.56729690784134,
  "rouge-l_r": 34.02835268044408
}