{
  "dist-3": 4.358119957909506,
  "dist-4": 9.688710403019629,
  "bleu-4": 47.28859844929755,
  "f1": 79.69872919985771,
  "rouge-1_f": 45.315005710715916,
  "rouge-1_p": 46.911496116736814,
  "rouge-1_r": 48.98941623686651,
  "rouge-2_f": 29.453508361950067,
  "rouge-2_p": 30.68261145546209,
  "rouge-2_r": 31.70610858769578,
  "rouge-l_f": 44.077497345523184,
  "rouge-l_p": 45.596893048117934,
  "rouge-l_r": 47.70008151285316
}