{"precision": 0.03333333333329629, "recall": 0.012820512820507342, "F1": 0.01851851847838363}