{"precision": 0.02447552447551592, "recall": 0.039106145251374805, "F1": 0.030107526834354963}