{
  "em_acc_with_penalty": 0.006660006660006661,
  "token_f1_with_penalty": 0.009500183379052257
}