{
    "identification": {
        "precision": 0.24999999999965278,
        "recall": 0.08372093023251921,
        "f1": 0.12543554003201204
    },
    "classification": {
        "precision": 0.138888888888696,
        "recall": 0.046511627906955115,
        "f1": 0.06968641111219026
    }
}