{"em_acc_with_penalty": 0.1648351648351649, "token_f1_with_penalty": 0.2030086421680659}
