{"em_acc_with_penalty": 0.07367632367632368, "token_f1_with_penalty": 0.10926102508526149}
