{
  "dist-3": 9.714715741944312,
  "dist-4": 21.912423439071212,
  "bleu-4": 32.78146255141193,
  "f1": 64.44781721229094,
  "rouge-1_f": 20.14336718760069,
  "rouge-1_p": 25.348262637527732,
  "rouge-1_r": 19.654914855768133,
  "rouge-2_f": 4.7250566184018865,
  "rouge-2_p": 5.955367978745634,
  "rouge-2_r": 4.728368142677536,
  "rouge-l_f": 17.50593375908595,
  "rouge-l_p": 22.24152042715448,
  "rouge-l_r": 17.053216879471762,
  "min_dist-3": 8.25640288803477,
  "avg_dist-3": 8.98555931498954,
  "max_dist-3": 9.714715741944312,
  "m1_dist-3": 9.714715741944312,
  "m2_dist-3": 8.25640288803477,
  "min_dist-4": 18.982422683194503,
  "avg_dist-4": 20.44742306113286,
  "max_dist-4": 21.912423439071212,
  "m1_dist-4": 21.912423439071212,
  "m2_dist-4": 18.982422683194503,
  "min_bleu-4": 32.78146255141193,
  "avg_bleu-4": 34.00805157920338,
  "max_bleu-4": 35.23464060699483,
  "m1_bleu-4": 32.78146255141193,
  "m2_bleu-4": 35.23464060699483,
  "min_f1": 64.44781721229094,
  "avg_f1": 67.4309843858031,
  "max_f1": 70.41415155931527,
  "m1_f1": 64.44781721229094,
  "m2_f1": 70.41415155931527,
  "min_rouge-1_f": 18.24486421811407,
  "avg_rouge-1_f": 19.19411570285738,
  "max_rouge-1_f": 20.14336718760069,
  "m1_rouge-1_f": 20.14336718760069,
  "m2_rouge-1_f": 18.24486421811407,
  "min_rouge-1_p": 19.882992044887718,
  "avg_rouge-1_p": 22.615627341207727,
  "max_rouge-1_p": 25.348262637527732,
  "m1_rouge-1_p": 25.348262637527732,
  "m2_rouge-1_p": 19.882992044887718,
  "min_rouge-1_r": 18.97592980740551,
  "avg_rouge-1_r": 19.315422331586824,
  "max_rouge-1_r": 19.654914855768133,
  "m1_rouge-1_r": 19.654914855768133,
  "m2_rouge-1_r": 18.97592980740551,
  "min_rouge-2_f": 2.6551301041420063,
  "avg_rouge-2_f": 3.6900933612719466,
  "max_rouge-2_f": 4.7250566184018865,
  "m1_rouge-2_f": 4.7250566184018865,
  "m2_rouge-2_f": 2.6551301041420063,
  "min_rouge-2_p": 2.77064607927794,
  "avg_rouge-2_p": 4.363007029011786,
  "max_rouge-2_p": 5.955367978745634,
  "m1_rouge-2_p": 5.955367978745634,
  "m2_rouge-2_p": 2.77064607927794,
  "min_rouge-2_r": 2.9396270966709905,
  "avg_rouge-2_r": 3.833997619674263,
  "max_rouge-2_r": 4.728368142677536,
  "m1_rouge-2_r": 4.728368142677536,
  "m2_rouge-2_r": 2.9396270966709905,
  "min_rouge-l_f": 15.97766546725938,
  "avg_rouge-l_f": 16.741799613172663,
  "max_rouge-l_f": 17.50593375908595,
  "m1_rouge-l_f": 17.50593375908595,
  "m2_rouge-l_f": 15.97766546725938,
  "min_rouge-l_p": 17.384260283363965,
  "avg_rouge-l_p": 19.81289035525922,
  "max_rouge-l_p": 22.24152042715448,
  "m1_rouge-l_p": 22.24152042715448,
  "m2_rouge-l_p": 17.384260283363965,
  "min_rouge-l_r": 16.68677696581213,
  "avg_rouge-l_r": 16.869996922641946,
  "max_rouge-l_r": 17.053216879471762,
  "m1_rouge-l_r": 17.053216879471762,
  "m2_rouge-l_r": 16.68677696581213
}