{
  "dist-3": 9.105220765907593,
  "dist-4": 17.727656760827244,
  "bleu-4": 4.724871163008886,
  "f1": 40.18938066485044,
  "rouge-1_f": 10.649848719825812,
  "rouge-1_p": 24.440883197018554,
  "rouge-1_r": 7.4445454285914465,
  "rouge-2_f": 1.3808079979876062,
  "rouge-2_p": 2.9009115877668004,
  "rouge-2_r": 1.015411261947083,
  "rouge-l_f": 9.981685875744411,
  "rouge-l_p": 23.129133791917152,
  "rouge-l_r": 6.958908860893923,
  "min_dist-3": 9.105220765907593,
  "avg_dist-3": 11.563980171800576,
  "max_dist-3": 14.022739577693558,
  "m1_dist-3": 9.105220765907593,
  "m2_dist-3": 14.022739577693558,
  "min_dist-4": 17.727656760827244,
  "avg_dist-4": 23.206284444399692,
  "max_dist-4": 28.68491212797214,
  "m1_dist-4": 17.727656760827244,
  "m2_dist-4": 28.68491212797214,
  "min_bleu-4": 1.0407031197019492,
  "avg_bleu-4": 2.8827871413554176,
  "max_bleu-4": 4.724871163008886,
  "m1_bleu-4": 4.724871163008886,
  "m2_bleu-4": 1.0407031197019492,
  "min_f1": 29.684458823981526,
  "avg_f1": 34.93691974441598,
  "max_f1": 40.18938066485044,
  "m1_f1": 40.18938066485044,
  "m2_f1": 29.684458823981526,
  "min_rouge-1_f": 9.352325164871894,
  "avg_rouge-1_f": 10.001086942348852,
  "max_rouge-1_f": 10.649848719825812,
  "m1_rouge-1_f": 10.649848719825812,
  "m2_rouge-1_f": 9.352325164871894,
  "min_rouge-1_p": 24.440883197018554,
  "avg_rouge-1_p": 25.139448866901624,
  "max_rouge-1_p": 25.838014536784694,
  "m1_rouge-1_p": 24.440883197018554,
  "m2_rouge-1_p": 25.838014536784694,
  "min_rouge-1_r": 6.172520504541226,
  "avg_rouge-1_r": 6.808532966566336,
  "max_rouge-1_r": 7.4445454285914465,
  "m1_rouge-1_r": 7.4445454285914465,
  "m2_rouge-1_r": 6.172520504541226,
  "min_rouge-2_f": 0.5743637592902087,
  "avg_rouge-2_f": 0.9775858786389074,
  "max_rouge-2_f": 1.3808079979876062,
  "m1_rouge-2_f": 1.3808079979876062,
  "m2_rouge-2_f": 0.5743637592902087,
  "min_rouge-2_p": 1.7149292409849612,
  "avg_rouge-2_p": 2.307920414375881,
  "max_rouge-2_p": 2.9009115877668004,
  "m1_rouge-2_p": 2.9009115877668004,
  "m2_rouge-2_p": 1.7149292409849612,
  "min_rouge-2_r": 0.3776678421705791,
  "avg_rouge-2_r": 0.696539552058831,
  "max_rouge-2_r": 1.015411261947083,
  "m1_rouge-2_r": 1.015411261947083,
  "m2_rouge-2_r": 0.3776678421705791,
  "min_rouge-l_f": 8.47761081406163,
  "avg_rouge-l_f": 9.22964834490302,
  "max_rouge-l_f": 9.981685875744411,
  "m1_rouge-l_f": 9.981685875744411,
  "m2_rouge-l_f": 8.47761081406163,
  "min_rouge-l_p": 23.129133791917152,
  "avg_rouge-l_p": 23.39530815298656,
  "max_rouge-l_p": 23.661482514055965,
  "m1_rouge-l_p": 23.129133791917152,
  "m2_rouge-l_p": 23.661482514055965,
  "min_rouge-l_r": 5.581327056847801,
  "avg_rouge-l_r": 6.270117958870863,
  "max_rouge-l_r": 6.958908860893923,
  "m1_rouge-l_r": 6.958908860893923,
  "m2_rouge-l_r": 5.581327056847801
}