{
  "dist-3": 8.25640288803477,
  "dist-4": 18.982422683194503,
  "bleu-4": 36.995507913146916,
  "f1": 61.52599776164668,
  "rouge-1_f": 28.23227637169772,
  "rouge-1_p": 29.617339538488967,
  "rouge-1_r": 34.55980161694634,
  "rouge-2_f": 12.518401608184048,
  "rouge-2_p": 14.056194406539323,
  "rouge-2_r": 14.443322858183958,
  "rouge-l_f": 26.136698886108526,
  "rouge-l_p": 27.594348509351608,
  "rouge-l_r": 32.024302376427556
}