{
  "dist-3": 14.29410382898755,
  "dist-4": 28.671782762691855,
  "bleu-4": 17.389201838585404,
  "f1": 50.06795693554178,
  "rouge-1_f": 14.297408070516944,
  "rouge-1_p": 19.98169334675664,
  "rouge-1_r": 13.996403618521954,
  "rouge-2_f": 2.2668950987228627,
  "rouge-2_p": 3.472824167062496,
  "rouge-2_r": 2.044631261146443,
  "rouge-l_f": 12.98470775453552,
  "rouge-l_p": 18.257717518007556,
  "rouge-l_r": 12.679790411402962
}