{
  "em_acc_with_penalty": 0.2797202797202797,
  "token_f1_with_penalty": 0.33876720449637565
}