{
  "em_acc_with_penalty": 0.16983016983016988,
  "token_f1_with_penalty": 0.2033200864491543
}