{
    "temporal": {
        "precision": 0.18749999999882816,
        "recall": 0.03448275862065002,
        "f1-score": 0.058252427158111034
    },
    "causal": {
        "precision": 0.0,
        "recall": 0.0,
        "f1-score": 0.0
    },
    "subevent": {
        "precision": 0.0,
        "recall": 0.0,
        "f1-score": 0.0
    },
    "coreference": {
        "precision": 0.3333333333222222,
        "recall": 0.099999999999,
        "f1-score": 0.153846153808284
    }
}