{
    "identification": {
        "precision": 0.499999999995,
        "recall": 0.023255813953477558,
        "f1": 0.04444444443591112
    },
    "classification": {
        "precision": 0.199999999998,
        "recall": 0.009302325581391022,
        "f1": 0.017777777769268147
    }
}