{"em_acc_with_penalty": 0.12987262612450023, "token_f1_with_penalty": 0.16203770943812337}
