{
  "em_acc_with_penalty": 0.07755427076614008,
  "token_f1_with_penalty": 0.1408275161899843
}