{"em_acc_with_penalty": 0.0563721992293421, "token_f1_with_penalty": 0.1257987298213769}
