{
  "em_acc_with_penalty": 0.11518861601698059,
  "token_f1_with_penalty": 0.15594266004603013
}