{
  "em_acc_with_penalty": 0.14336679551207496,
  "token_f1_with_penalty": 0.21140790925778222
}