{
  "em_acc_with_penalty": 0.11706437135360284,
  "token_f1_with_penalty": 0.1872485848424349
}