{
  "dist-3": 8.969169533832558,
  "dist-4": 22.333902055847425,
  "bleu-4": 52.068569318573275,
  "f1": 76.48522743616662,
  "rouge-1_f": 47.8819607615998,
  "rouge-1_p": 51.76601445991569,
  "rouge-1_r": 47.750548083538455,
  "rouge-2_f": 26.580919774369377,
  "rouge-2_p": 28.334046733903833,
  "rouge-2_r": 27.142367880144526,
  "rouge-l_f": 43.67481747719444,
  "rouge-l_p": 47.042810930433745,
  "rouge-l_r": 43.613290922584525,
  "min_dist-3": 5.344669718770438,
  "avg_dist-3": 7.156919626301498,
  "max_dist-3": 8.969169533832558,
  "m1_dist-3": 8.969169533832558,
  "m2_dist-3": 5.344669718770438,
  "min_dist-4": 13.75458195147495,
  "avg_dist-4": 18.04424200366119,
  "max_dist-4": 22.333902055847425,
  "m1_dist-4": 22.333902055847425,
  "m2_dist-4": 13.75458195147495,
  "min_bleu-4": 25.519292236300917,
  "avg_bleu-4": 38.7939307774371,
  "max_bleu-4": 52.068569318573275,
  "m1_bleu-4": 52.068569318573275,
  "m2_bleu-4": 25.519292236300917,
  "min_f1": 58.33537677768044,
  "avg_f1": 67.41030210692352,
  "max_f1": 76.48522743616662,
  "m1_f1": 76.48522743616662,
  "m2_f1": 58.33537677768044,
  "min_rouge-1_f": 24.889942384604414,
  "avg_rouge-1_f": 36.385951573102105,
  "max_rouge-1_f": 47.8819607615998,
  "m1_rouge-1_f": 47.8819607615998,
  "m2_rouge-1_f": 24.889942384604414,
  "min_rouge-1_p": 23.311075718818802,
  "avg_rouge-1_p": 37.53854508936725,
  "max_rouge-1_p": 51.76601445991569,
  "m1_rouge-1_p": 51.76601445991569,
  "m2_rouge-1_p": 23.311075718818802,
  "min_rouge-1_r": 30.996780030052214,
  "avg_rouge-1_r": 39.373664056795334,
  "max_rouge-1_r": 47.750548083538455,
  "m1_rouge-1_r": 47.750548083538455,
  "m2_rouge-1_r": 30.996780030052214,
  "min_rouge-2_f": 7.6645369915094115,
  "avg_rouge-2_f": 17.122728382939393,
  "max_rouge-2_f": 26.580919774369377,
  "m1_rouge-2_f": 26.580919774369377,
  "m2_rouge-2_f": 7.6645369915094115,
  "min_rouge-2_p": 6.578638235589881,
  "avg_rouge-2_p": 17.456342484746855,
  "max_rouge-2_p": 28.334046733903833,
  "m1_rouge-2_p": 28.334046733903833,
  "m2_rouge-2_p": 6.578638235589881,
  "min_rouge-2_r": 11.150049454160134,
  "avg_rouge-2_r": 19.14620866715233,
  "max_rouge-2_r": 27.142367880144526,
  "m1_rouge-2_r": 27.142367880144526,
  "m2_rouge-2_r": 11.150049454160134,
  "min_rouge-l_f": 22.369129221615157,
  "avg_rouge-l_f": 33.021973349404796,
  "max_rouge-l_f": 43.67481747719444,
  "m1_rouge-l_f": 43.67481747719444,
  "m2_rouge-l_f": 22.369129221615157,
  "min_rouge-l_p": 20.906249243245558,
  "avg_rouge-l_p": 33.97453008683965,
  "max_rouge-l_p": 47.042810930433745,
  "m1_rouge-l_p": 47.042810930433745,
  "m2_rouge-l_p": 20.906249243245558,
  "min_rouge-l_r": 28.0531944442072,
  "avg_rouge-l_r": 35.833242683395866,
  "max_rouge-l_r": 43.613290922584525,
  "m1_rouge-l_r": 43.613290922584525,
  "m2_rouge-l_r": 28.0531944442072
}