{
  "dist-3": 6.735964720990525,
  "dist-4": 18.669949543954978,
  "bleu-4": 54.03054056937143,
  "f1": 80.39011267515842,
  "rouge-1_f": 45.837400221657134,
  "rouge-1_p": 54.214181816137504,
  "rouge-1_r": 41.73750371665917,
  "rouge-2_f": 24.217921063351643,
  "rouge-2_p": 27.805430277113093,
  "rouge-2_r": 22.669202386024704,
  "rouge-l_f": 43.11999030996938,
  "rouge-l_p": 50.98766647067918,
  "rouge-l_r": 39.2574327967012,
  "min_dist-3": 5.149124256444151,
  "avg_dist-3": 5.942544488717338,
  "max_dist-3": 6.735964720990525,
  "m1_dist-3": 6.735964720990525,
  "m2_dist-3": 5.149124256444151,
  "min_dist-4": 13.298944561026287,
  "avg_dist-4": 15.984447052490633,
  "max_dist-4": 18.669949543954978,
  "m1_dist-4": 18.669949543954978,
  "m2_dist-4": 13.298944561026287,
  "min_bleu-4": 38.55656221635272,
  "avg_bleu-4": 46.29355139286207,
  "max_bleu-4": 54.03054056937143,
  "m1_bleu-4": 54.03054056937143,
  "m2_bleu-4": 38.55656221635272,
  "min_f1": 80.21986827845005,
  "avg_f1": 80.30499047680424,
  "max_f1": 80.39011267515842,
  "m1_f1": 80.39011267515842,
  "m2_f1": 80.21986827845005,
  "min_rouge-1_f": 23.605852565032098,
  "avg_rouge-1_f": 34.721626393344614,
  "max_rouge-1_f": 45.837400221657134,
  "m1_rouge-1_f": 45.837400221657134,
  "m2_rouge-1_f": 23.605852565032098,
  "min_rouge-1_p": 31.30727145661699,
  "avg_rouge-1_p": 42.76072663637725,
  "max_rouge-1_p": 54.214181816137504,
  "m1_rouge-1_p": 54.214181816137504,
  "m2_rouge-1_p": 31.30727145661699,
  "min_rouge-1_r": 20.484330894514343,
  "avg_rouge-1_r": 31.110917305586756,
  "max_rouge-1_r": 41.73750371665917,
  "m1_rouge-1_r": 41.73750371665917,
  "m2_rouge-1_r": 20.484330894514343,
  "min_rouge-2_f": 4.637327622005765,
  "avg_rouge-2_f": 14.427624342678705,
  "max_rouge-2_f": 24.217921063351643,
  "m1_rouge-2_f": 24.217921063351643,
  "m2_rouge-2_f": 4.637327622005765,
  "min_rouge-2_p": 6.073011207384002,
  "avg_rouge-2_p": 16.939220742248548,
  "max_rouge-2_p": 27.805430277113093,
  "m1_rouge-2_p": 27.805430277113093,
  "m2_rouge-2_p": 6.073011207384002,
  "min_rouge-2_r": 4.1823000760279045,
  "avg_rouge-2_r": 13.425751231026304,
  "max_rouge-2_r": 22.669202386024704,
  "m1_rouge-2_r": 22.669202386024704,
  "m2_rouge-2_r": 4.1823000760279045,
  "min_rouge-l_f": 21.276620855166787,
  "avg_rouge-l_f": 32.19830558256808,
  "max_rouge-l_f": 43.11999030996938,
  "m1_rouge-l_f": 43.11999030996938,
  "m2_rouge-l_f": 21.276620855166787,
  "min_rouge-l_p": 28.399975699342573,
  "avg_rouge-l_p": 39.693821085010875,
  "max_rouge-l_p": 50.98766647067918,
  "m1_rouge-l_p": 50.98766647067918,
  "m2_rouge-l_p": 28.399975699342573,
  "min_rouge-l_r": 18.420976790414933,
  "avg_rouge-l_r": 28.839204793558068,
  "max_rouge-l_r": 39.2574327967012,
  "m1_rouge-l_r": 39.2574327967012,
  "m2_rouge-l_r": 18.420976790414933
}