{
  "dist-3": 5.344669718770438,
  "dist-4": 13.75458195147495,
  "bleu-4": 28.724842834422354,
  "f1": 60.21092783934816,
  "rouge-1_f": 28.21123386840835,
  "rouge-1_p": 25.900958647470027,
  "rouge-1_r": 36.02833596770331,
  "rouge-2_f": 11.307604137026056,
  "rouge-2_p": 10.048245686445778,
  "rouge-2_r": 16.003591806236248,
  "rouge-l_f": 25.993937483081965,
  "rouge-l_p": 23.837227653835065,
  "rouge-l_r": 33.28808519273481
}