{
  "dist-3": 5.212918335128127,
  "dist-4": 13.460592550731008,
  "bleu-4": 37.434339632174876,
  "f1": 77.15139344785948,
  "rouge-1_f": 26.721312028967574,
  "rouge-1_p": 30.506442912142855,
  "rouge-1_r": 26.382828369512563,
  "rouge-2_f": 7.706469216364644,
  "rouge-2_p": 9.224309122985487,
  "rouge-2_r": 7.610875648074463,
  "rouge-l_f": 24.693588654555438,
  "rouge-l_p": 28.235344697287065,
  "rouge-l_r": 24.427005353233135
}