{
    "P": 0.1320204230488598,
    "R": 0.13933795227096693,
    "F1": 0.13558052429459547
}