{"precision": 0.05045871559630713, "recall": 0.06145251396644612, "F1": 0.05541561707891809}