{"precision": 0.11578947368418006, "recall": 0.16666666666660354, "F1": 0.13664596268449908}