{"precision": 0.013888888888879245, "recall": 0.008547008547004895, "F1": 0.01058201053483945}