{
  "em_acc_with_penalty": 0.24975024975024973,
  "token_f1_with_penalty": 0.338078862964366
}