{
  "em_acc_with_penalty": 0.06951057600408252,
  "token_f1_with_penalty": 0.12333825236307831
}