{
    "temporal": {
        "precision": 0.220338983050474,
        "recall": 0.14942528735615007,
        "f1-score": 0.17808219173241693
    },
    "causal": {
        "precision": 0.11764705882329873,
        "recall": 0.2999999999985,
        "f1-score": 0.169014084466098
    },
    "subevent": {
        "precision": 0.199999999996,
        "recall": 0.099999999999,
        "f1-score": 0.1333333332871111
    },
    "coreference": {
        "precision": 0.0,
        "recall": 0.0,
        "f1-score": 0.0
    }
}