{
    "identification": {
        "precision": 0.524324324324041,
        "recall": 0.4511627906974646,
        "f1": 0.4849999999500388
    },
    "classification": {
        "precision": 0.3027027027025391,
        "recall": 0.26046511627894864,
        "f1": 0.27999999995014124
    }
}