{"em_acc_with_penalty": 0.09594366030009595, "token_f1_with_penalty": 0.13529777875550675}
