{
    "P": 0.0534950071326638,
    "R": 0.046296296296293435,
    "F1": 0.04963600259751039
}