{
  "em_acc_with_penalty": 0.22426553038797942,
  "token_f1_with_penalty": 0.32567866235802123
}